{
  "metadata": {
    "title": "Unknown",
    "filename": "2006_eng.pdf",
    "total_pages": 2
  },
  "problems": [
    {
      "number": 1,
      "text": "LetABC be a triangle with incentre I. A point Pin the interior of the\ntriangle satisﬁes\n/negationslashPBA + /negationslashPCA = /negationslashPBC + /negationslashPCB.\nShow that AP≥AI, and that equality holds if and only if P=I.",
      "entities": [
        {
          "type": "variable",
          "value": "a"
        },
        {
          "type": "variable",
          "value": "I"
        },
        {
          "type": "variable",
          "value": "A"
        },
        {
          "type": "variable",
          "value": "P"
        },
        {
          "type": "variable",
          "value": "I"
        }
      ],
      "constraints": []
    },
    {
      "number": 2,
      "text": "LetPbe a regular 2006-gon. A diagonal of Pis called good if its endpoints\ndivide the boundary of Pinto two parts, each composed of an odd number of sides of P.\nThe sides of Pare also called good .\nSuppose Phas been dissected into triangles by 2003 diagonals, no two of which have\na common point in the interior of P. Find the maximum number of isosceles triangles\nhaving two good sides that could appear in such a conﬁguration.",
      "entities": [
        {
          "type": "integer",
          "value": "2006"
        },
        {
          "type": "integer",
          "value": "2003"
        },
        {
          "type": "variable",
          "value": "a"
        },
        {
          "type": "variable",
          "value": "A"
        },
        {
          "type": "variable",
          "value": "P"
        },
        {
          "type": "variable",
          "value": "a"
        },
        {
          "type": "variable",
          "value": "P"
        },
        {
          "type": "variable",
          "value": "a"
        }
      ],
      "constraints": []
    },
    {
      "number": 3,
      "text": "Determine the least real number Msuch that the inequality\n/vextendsingle/vextendsingle/vextendsingleab(a2−b2) +bc(b2−c2) +ca(c2−a2)/vextendsingle/vextendsingle/vextendsingle≤M(a2+b2+c2)2\nholds for all real numbers a,bandc.\nTime allowed: 4 hours 30 minutes\nEach problem is worth 7 pointslanguage: English day: 1\n\n13 July 2006",
      "entities": [
        {
          "type": "integer",
          "value": "2"
        },
        {
          "type": "integer",
          "value": "4"
        },
        {
          "type": "integer",
          "value": "30"
        },
        {
          "type": "integer",
          "value": "7"
        },
        {
          "type": "integer",
          "value": "1"
        },
        {
          "type": "integer",
          "value": "13"
        },
        {
          "type": "integer",
          "value": "2006"
        },
        {
          "type": "variable",
          "value": "M"
        },
        {
          "type": "variable",
          "value": "a"
        }
      ],
      "constraints": []
    },
    {
      "number": 4,
      "text": "Determine all pairs ( x, y) of integers such that\n1 + 2x+ 22x+1=y2.",
      "entities": [
        {
          "type": "integer",
          "value": "1"
        },
        {
          "type": "integer",
          "value": "1"
        },
        {
          "type": "variable",
          "value": "x"
        },
        {
          "type": "variable",
          "value": "y"
        }
      ],
      "constraints": []
    },
    {
      "number": 5,
      "text": "LetP(x) be a polynomial of degree n >1 with integer coeﬃcients and let\nkbe a positive integer. Consider the polynomial Q(x) =P(P(. . . P (P(x)). . .)), where P\noccurs ktimes. Prove that there are at most nintegers tsuch that Q(t) =t.",
      "entities": [
        {
          "type": "integer",
          "value": "1"
        },
        {
          "type": "variable",
          "value": "x"
        },
        {
          "type": "variable",
          "value": "a"
        },
        {
          "type": "variable",
          "value": "n"
        },
        {
          "type": "variable",
          "value": "a"
        },
        {
          "type": "variable",
          "value": "Q"
        },
        {
          "type": "variable",
          "value": "x"
        },
        {
          "type": "variable",
          "value": "P"
        },
        {
          "type": "variable",
          "value": "P"
        },
        {
          "type": "variable",
          "value": "P"
        },
        {
          "type": "variable",
          "value": "P"
        },
        {
          "type": "variable",
          "value": "x"
        },
        {
          "type": "variable",
          "value": "P"
        },
        {
          "type": "variable",
          "value": "Q"
        },
        {
          "type": "variable",
          "value": "t"
        },
        {
          "type": "variable",
          "value": "t"
        }
      ],
      "constraints": []
    },
    {
      "number": 6,
      "text": "Assign to each side bof a convex polygon Pthe maximum area of a triangle\nthat has bas a side and is contained in P. Show that the sum of the areas assigned to\nthe sides of Pis at least twice the area of P.\nTime allowed: 4 hours 30 minutes\nEach problem is worth 7 pointslanguage: English day: 2",
      "entities": [
        {
          "type": "integer",
          "value": "4"
        },
        {
          "type": "integer",
          "value": "30"
        },
        {
          "type": "integer",
          "value": "7"
        },
        {
          "type": "integer",
          "value": "2"
        },
        {
          "type": "variable",
          "value": "a"
        },
        {
          "type": "variable",
          "value": "a"
        },
        {
          "type": "variable",
          "value": "a"
        },
        {
          "type": "variable",
          "value": "P"
        },
        {
          "type": "variable",
          "value": "P"
        }
      ],
      "constraints": []
    }
  ]
}