{
  "metadata": {
    "title": "Unknown",
    "filename": "2007_eng.pdf",
    "total_pages": 2
  },
  "problems": [
    {
      "number": 1,
      "text": "Real numbers a1, a2, . . . , a nare given. For each i(1≤i≤n) deﬁne\ndi= max {aj: 1≤j≤i} −min{aj:i≤j≤n}\nand let\nd= max {di: 1≤i≤n}.\n(a) Prove that, for any real numbers x1≤x2≤ · · · ≤ xn,\nmax{|xi−ai|: 1≤i≤n} ≥d\n2. (∗)\n(b) Show that there are real numbers x1≤x2≤ · · · ≤ xnsuch that equality holds\nin (∗).",
      "entities": [
        {
          "type": "integer",
          "value": "1"
        },
        {
          "type": "integer",
          "value": "1"
        },
        {
          "type": "integer",
          "value": "1"
        },
        {
          "type": "integer",
          "value": "1"
        },
        {
          "type": "integer",
          "value": "2"
        },
        {
          "type": "variable",
          "value": "a"
        },
        {
          "type": "variable",
          "value": "i"
        },
        {
          "type": "variable",
          "value": "i"
        },
        {
          "type": "variable",
          "value": "n"
        },
        {
          "type": "variable",
          "value": "j"
        },
        {
          "type": "variable",
          "value": "i"
        },
        {
          "type": "variable",
          "value": "i"
        },
        {
          "type": "variable",
          "value": "j"
        },
        {
          "type": "variable",
          "value": "n"
        },
        {
          "type": "variable",
          "value": "d"
        },
        {
          "type": "variable",
          "value": "i"
        },
        {
          "type": "variable",
          "value": "n"
        },
        {
          "type": "variable",
          "value": "a"
        },
        {
          "type": "variable",
          "value": "i"
        },
        {
          "type": "variable",
          "value": "n"
        },
        {
          "type": "variable",
          "value": "d"
        },
        {
          "type": "variable",
          "value": "b"
        }
      ],
      "constraints": []
    },
    {
      "number": 2,
      "text": "Consider ﬁve points A, B, C, D andEsuch that ABCD is a parallelogram\nandBCED is a cyclic quadrilateral. Let /lscriptbe a line passing through A. Suppose that\n/lscriptintersects the interior of the segment DC atFand intersects line BC atG. Suppose\nalso that EF=EG=EC. Prove that /lscriptis the bisector of angle DAB .",
      "entities": [
        {
          "type": "variable",
          "value": "A"
        },
        {
          "type": "variable",
          "value": "B"
        },
        {
          "type": "variable",
          "value": "C"
        },
        {
          "type": "variable",
          "value": "D"
        },
        {
          "type": "variable",
          "value": "a"
        },
        {
          "type": "variable",
          "value": "a"
        },
        {
          "type": "variable",
          "value": "a"
        },
        {
          "type": "variable",
          "value": "A"
        }
      ],
      "constraints": []
    },
    {
      "number": 3,
      "text": "In a mathematical competition some competitors are friends. Friendship\nis always mutual. Call a group of competitors a clique if each two of them are friends. (In\nparticular, any group of fewer than two competitors is a clique.) The number of members\nof a clique is called its size.\nGiven that, in this competition, the largest size of a clique is even, prove that the\ncompetitors can be arranged in two rooms such that the largest size of a clique contained\nin one room is the same as the largest size of a clique contained in the other room.\nTime allowed: 4 hours 30 minutes\nEach problem is worth 7 points\n\nLanguage: English\nJuly 26, 2007",
      "entities": [
        {
          "type": "integer",
          "value": "4"
        },
        {
          "type": "integer",
          "value": "30"
        },
        {
          "type": "integer",
          "value": "7"
        },
        {
          "type": "integer",
          "value": "26"
        },
        {
          "type": "integer",
          "value": "2007"
        },
        {
          "type": "variable",
          "value": "a"
        },
        {
          "type": "variable",
          "value": "a"
        },
        {
          "type": "variable",
          "value": "a"
        },
        {
          "type": "variable",
          "value": "a"
        },
        {
          "type": "variable",
          "value": "a"
        },
        {
          "type": "variable",
          "value": "a"
        },
        {
          "type": "variable",
          "value": "a"
        },
        {
          "type": "variable",
          "value": "a"
        }
      ],
      "constraints": []
    },
    {
      "number": 4,
      "text": "In triangle ABC the bisector of angle BCA intersects the circumcircle\nagain at R, the perpendicular bisector of BCatP, and the perpendicular bisector of AC\natQ. The midpoint of BC isKand the midpoint of ACisL. Prove that the triangles\nRPK andRQL have the same area.",
      "entities": [
        {
          "type": "variable",
          "value": "R"
        },
        {
          "type": "triangle",
          "value": "ABC"
        }
      ],
      "constraints": []
    },
    {
      "number": 5,
      "text": "Letaandbbe positive integers. Show that if 4 ab−1 divides (4 a2−1)2,\nthena=b.",
      "entities": [
        {
          "type": "integer",
          "value": "4"
        },
        {
          "type": "integer",
          "value": "1"
        },
        {
          "type": "integer",
          "value": "4"
        },
        {
          "type": "integer",
          "value": "1"
        },
        {
          "type": "integer",
          "value": "2"
        },
        {
          "type": "variable",
          "value": "b"
        }
      ],
      "constraints": []
    },
    {
      "number": 6,
      "text": "Letnbe a positive integer. Consider\nS={(x, y, z ) :x, y, z ∈ {0,1, . . . , n }, x+y+z >0}\nas a set of ( n+1)3−1 points in three-dimensional space. Determine the smallest possible\nnumber of planes, the union of which contains Sbut does not include (0 ,0,0).\nTime allowed: 4 hours 30 minutes\nEach problem is worth 7 points",
      "entities": [
        {
          "type": "integer",
          "value": "0"
        },
        {
          "type": "integer",
          "value": "1"
        },
        {
          "type": "integer",
          "value": "0"
        },
        {
          "type": "integer",
          "value": "1"
        },
        {
          "type": "integer",
          "value": "3"
        },
        {
          "type": "integer",
          "value": "1"
        },
        {
          "type": "integer",
          "value": "0"
        },
        {
          "type": "integer",
          "value": "0"
        },
        {
          "type": "integer",
          "value": "0"
        },
        {
          "type": "integer",
          "value": "4"
        },
        {
          "type": "integer",
          "value": "30"
        },
        {
          "type": "integer",
          "value": "7"
        },
        {
          "type": "variable",
          "value": "a"
        },
        {
          "type": "variable",
          "value": "S"
        },
        {
          "type": "variable",
          "value": "x"
        },
        {
          "type": "variable",
          "value": "y"
        },
        {
          "type": "variable",
          "value": "z"
        },
        {
          "type": "variable",
          "value": "x"
        },
        {
          "type": "variable",
          "value": "y"
        },
        {
          "type": "variable",
          "value": "z"
        },
        {
          "type": "variable",
          "value": "n"
        },
        {
          "type": "variable",
          "value": "x"
        },
        {
          "type": "variable",
          "value": "y"
        },
        {
          "type": "variable",
          "value": "z"
        },
        {
          "type": "variable",
          "value": "a"
        },
        {
          "type": "variable",
          "value": "n"
        }
      ],
      "constraints": []
    }
  ]
}