{
  "metadata": {
    "title": "International Mathematical Olympiad",
    "filename": "2008_eng.pdf",
    "total_pages": 2
  },
  "problems": [
    {
      "number": 1,
      "text": "An acute-angled triangle ABChas orthocentre H. The circle passing through Hwith\ncentre the midpoint of BCintersects the line BCatA1andA2. Similarly, the circle passing through\nHwith centre the midpoint of CAintersects the line CAatB1andB2, and the circle passing through\nHwith centre the midpoint of ABintersects the line ABatC1andC2. Show that A1,A2,B1,B2,\nC1,C2lie on a circle.",
      "entities": [
        {
          "type": "variable",
          "value": "H"
        },
        {
          "type": "variable",
          "value": "a"
        },
        {
          "type": "triangle",
          "value": "ABC"
        }
      ],
      "constraints": []
    },
    {
      "number": 2,
      "text": "(a) Prove that\nx2\n(x−1)2+y2\n(y−1)2+z2\n(z−1)2≥1\nfor all real numbers x,y,z, each diﬀerent from 1, and satisfying xyz = 1.\n(b) Prove that equality holds above for inﬁnitely many triples of rational numbers x,y,z, each\ndiﬀerent from 1, and satisfying xyz = 1.",
      "entities": [
        {
          "type": "integer",
          "value": "1"
        },
        {
          "type": "integer",
          "value": "2"
        },
        {
          "type": "integer",
          "value": "1"
        },
        {
          "type": "integer",
          "value": "2"
        },
        {
          "type": "integer",
          "value": "1"
        },
        {
          "type": "integer",
          "value": "2"
        },
        {
          "type": "integer",
          "value": "1"
        },
        {
          "type": "integer",
          "value": "1"
        },
        {
          "type": "integer",
          "value": "1"
        },
        {
          "type": "integer",
          "value": "1"
        },
        {
          "type": "integer",
          "value": "1"
        },
        {
          "type": "variable",
          "value": "a"
        },
        {
          "type": "variable",
          "value": "x"
        },
        {
          "type": "variable",
          "value": "y"
        },
        {
          "type": "variable",
          "value": "z"
        },
        {
          "type": "variable",
          "value": "x"
        },
        {
          "type": "variable",
          "value": "y"
        },
        {
          "type": "variable",
          "value": "z"
        },
        {
          "type": "variable",
          "value": "b"
        },
        {
          "type": "variable",
          "value": "x"
        },
        {
          "type": "variable",
          "value": "y"
        },
        {
          "type": "variable",
          "value": "z"
        }
      ],
      "constraints": []
    },
    {
      "number": 3,
      "text": "Prove that there exist inﬁnitely many positive integers nsuch that n2+ 1has a prime\ndivisor which is greater than 2n+√\n2n.\nLanguage: English Time: 4 hours and 30 minutes\nEach problem is worth 7 pointsLanguage: English Day: 1\n49th INTERNATIONAL MATHEMATICAL OLYMPIAD\nMADRID (SPAIN), JULY 10-22, 2008\n\nThursday, July 17, 2008",
      "entities": [
        {
          "type": "integer",
          "value": "4"
        },
        {
          "type": "integer",
          "value": "30"
        },
        {
          "type": "integer",
          "value": "7"
        },
        {
          "type": "integer",
          "value": "1"
        },
        {
          "type": "integer",
          "value": "10"
        },
        {
          "type": "integer",
          "value": "22"
        },
        {
          "type": "integer",
          "value": "2008"
        },
        {
          "type": "integer",
          "value": "17"
        },
        {
          "type": "integer",
          "value": "2008"
        },
        {
          "type": "variable",
          "value": "a"
        }
      ],
      "constraints": []
    },
    {
      "number": 4,
      "text": "Find all functions f: (0,∞)→(0,∞)(so,fis a function from the positive real\nnumbers to the positive real numbers) such that\n/parenleftBig\nf(w)/parenrightBig2+/parenleftBig\nf(x)/parenrightBig2\nf(y2) +f(z2)=w2+x2\ny2+z2\nfor all positive real numbers w,x,y,z, satisfying wx=yz.",
      "entities": [
        {
          "type": "integer",
          "value": "0"
        },
        {
          "type": "integer",
          "value": "0"
        },
        {
          "type": "variable",
          "value": "f"
        },
        {
          "type": "variable",
          "value": "a"
        },
        {
          "type": "variable",
          "value": "f"
        },
        {
          "type": "variable",
          "value": "w"
        },
        {
          "type": "variable",
          "value": "f"
        },
        {
          "type": "variable",
          "value": "x"
        },
        {
          "type": "variable",
          "value": "f"
        },
        {
          "type": "variable",
          "value": "f"
        },
        {
          "type": "variable",
          "value": "w"
        },
        {
          "type": "variable",
          "value": "x"
        },
        {
          "type": "variable",
          "value": "y"
        },
        {
          "type": "variable",
          "value": "z"
        }
      ],
      "constraints": [
        {
          "type": "universal_quantifier",
          "variables": "positive real numbers w",
          "condition": "x,y,z, satisfying wx=yz."
        }
      ]
    },
    {
      "number": 5,
      "text": "Letnandkbe positive integers with k≥nandk−nan even number. Let 2nlamps\nlabelled 1,2, ..., 2nbe given, each of which can be either onoroﬀ. Initially all the lamps are oﬀ.\nWe consider sequences of steps: at each step one of the lamps is switched (from on to oﬀ or from oﬀ\nto on).\nLetNbe the number of such sequences consisting of ksteps and resulting in the state where\nlamps 1through nare all on, and lamps n+ 1through 2nare all oﬀ.\nLetMbe the number of such sequences consisting of ksteps, resulting in the state where lamps\n1through nare all on, and lamps n+ 1through 2nare all oﬀ, but where none of the lamps n+ 1\nthrough 2nis ever switched on.\nDetermine the ratio N/M.",
      "entities": [
        {
          "type": "integer",
          "value": "1"
        },
        {
          "type": "integer",
          "value": "2"
        },
        {
          "type": "integer",
          "value": "1"
        },
        {
          "type": "variable",
          "value": "k"
        },
        {
          "type": "variable",
          "value": "n"
        },
        {
          "type": "variable",
          "value": "n"
        },
        {
          "type": "variable",
          "value": "n"
        },
        {
          "type": "variable",
          "value": "N"
        },
        {
          "type": "variable",
          "value": "M"
        }
      ],
      "constraints": []
    },
    {
      "number": 6,
      "text": "LetABCDbe a convex quadrilateral with |BA|/negationslash=|BC|. Denote the incircles of\ntriangles ABCandADCbyω1andω2respectively. Suppose that there exists a circle ωtangent to\nthe ray BAbeyond Aand to the ray BCbeyond C, which is also tangent to the lines ADandCD.\nProve that the common external tangents of ω1andω2intersect on ω.\nLanguage: English Time: 4 hours and 30 minutes\nEach problem is worth 7 pointsLanguage: English Day: 2\n49th INTERNATIONAL MATHEMATICAL OLYMPIAD\nMADRID (SPAIN), JULY 10-22, 2008",
      "entities": [
        {
          "type": "integer",
          "value": "4"
        },
        {
          "type": "integer",
          "value": "30"
        },
        {
          "type": "integer",
          "value": "7"
        },
        {
          "type": "integer",
          "value": "2"
        },
        {
          "type": "integer",
          "value": "10"
        },
        {
          "type": "integer",
          "value": "22"
        },
        {
          "type": "integer",
          "value": "2008"
        },
        {
          "type": "variable",
          "value": "a"
        },
        {
          "type": "variable",
          "value": "a"
        },
        {
          "type": "variable",
          "value": "C"
        }
      ],
      "constraints": []
    }
  ]
}