{
  "metadata": {
    "title": "International Mathematical Olympiad",
    "filename": "2009_eng.pdf",
    "total_pages": 2
  },
  "problems": [
    {
      "number": 1,
      "text": "Letnbe a positive integer and let a1, . . . , a k(k≥2) be distinct integers in the set\n{1, . . . , n}such that ndivides ai(ai+1−1)fori= 1, . . . , k−1. Prove that ndoes not divide ak(a1−1).",
      "entities": [
        {
          "type": "integer",
          "value": "2"
        },
        {
          "type": "integer",
          "value": "1"
        },
        {
          "type": "integer",
          "value": "1"
        },
        {
          "type": "integer",
          "value": "1"
        },
        {
          "type": "integer",
          "value": "1"
        },
        {
          "type": "integer",
          "value": "1"
        },
        {
          "type": "integer",
          "value": "1"
        },
        {
          "type": "variable",
          "value": "a"
        },
        {
          "type": "variable",
          "value": "a"
        },
        {
          "type": "variable",
          "value": "k"
        },
        {
          "type": "variable",
          "value": "k"
        },
        {
          "type": "variable",
          "value": "n"
        },
        {
          "type": "variable",
          "value": "k"
        }
      ],
      "constraints": []
    },
    {
      "number": 2,
      "text": "LetABC be a triangle with circumcentre O. The points PandQare interior points\nof the sides CAandAB, respectively. Let K,LandMbe the midpoints of the segments BP,CQ\nandPQ, respectively, and let Γbe the circle passing through K,LandM. Suppose that the line\nPQis tangent to the circle Γ. Prove that OP=OQ.",
      "entities": [
        {
          "type": "variable",
          "value": "a"
        },
        {
          "type": "variable",
          "value": "O"
        },
        {
          "type": "variable",
          "value": "K"
        },
        {
          "type": "variable",
          "value": "K"
        }
      ],
      "constraints": []
    },
    {
      "number": 3,
      "text": "Suppose that s1, s2, s3, . . .is a strictly increasing sequence of positive integers such\nthat the subsequences\nss1, ss2, ss3, . . . and ss1+1, ss2+1, ss3+1, . . .\nare both arithmetic progressions. Prove that the sequence s1, s2, s3, . . .is itself an arithmetic pro-\ngression.\nLanguage: English Time: 4 hours and 30 minutes\nEach problem is worth 7 pointsLanguage: English\nDa y: 1\n\nThursday, July 16, 2009",
      "entities": [
        {
          "type": "integer",
          "value": "1"
        },
        {
          "type": "integer",
          "value": "1"
        },
        {
          "type": "integer",
          "value": "1"
        },
        {
          "type": "integer",
          "value": "4"
        },
        {
          "type": "integer",
          "value": "30"
        },
        {
          "type": "integer",
          "value": "7"
        },
        {
          "type": "integer",
          "value": "1"
        },
        {
          "type": "integer",
          "value": "16"
        },
        {
          "type": "integer",
          "value": "2009"
        },
        {
          "type": "variable",
          "value": "a"
        },
        {
          "type": "variable",
          "value": "y"
        },
        {
          "type": "sequence",
          "value": "o"
        },
        {
          "type": "sequence",
          "value": "s1"
        }
      ],
      "constraints": []
    },
    {
      "number": 4,
      "text": "LetABC be a triangle with AB =AC. The angle bisectors of /negationslashCAB and/negationslashABC\nmeet the sides BCandCAatDandE, respectively. Let Kbe the incentre of triangle ADC .\nSuppose that /negationslashBEK = 45◦. Find all possible values of /negationslashCAB .",
      "entities": [
        {
          "type": "integer",
          "value": "45"
        },
        {
          "type": "variable",
          "value": "a"
        },
        {
          "type": "triangle",
          "value": "ADC"
        }
      ],
      "constraints": []
    },
    {
      "number": 5,
      "text": "Determine all functions ffrom the set of positive integers to the set of positive integers\nsuch that, for all positive integers aandb, there exists a non-degenerate triangle with sides of lengths\na, f (b)andf(b+f(a)−1).\n(A triangle is non-degenerate if its vertices are not collinear.)",
      "entities": [
        {
          "type": "integer",
          "value": "1"
        },
        {
          "type": "variable",
          "value": "a"
        },
        {
          "type": "variable",
          "value": "a"
        },
        {
          "type": "variable",
          "value": "f"
        },
        {
          "type": "variable",
          "value": "b"
        },
        {
          "type": "variable",
          "value": "b"
        },
        {
          "type": "variable",
          "value": "f"
        },
        {
          "type": "variable",
          "value": "a"
        },
        {
          "type": "variable",
          "value": "A"
        }
      ],
      "constraints": []
    },
    {
      "number": 6,
      "text": "Leta1, a2, . . . , a nbe distinct positive integers and let Mbe a set of n−1positive\nintegers not containing s=a1+a2+· · ·+an. A grasshopper is to jump along the real axis, starting\nat the point 0and making njumps to the right with lengths a1, a2, . . . , a nin some order. Prove that\nthe order can be chosen in such a way that the grasshopper never lands on any point in M.\nLanguage: English Time: 4 hours and 30 minutes\nEach problem is worth 7 pointsLanguage: English\nDa y: 2",
      "entities": [
        {
          "type": "integer",
          "value": "4"
        },
        {
          "type": "integer",
          "value": "30"
        },
        {
          "type": "integer",
          "value": "7"
        },
        {
          "type": "integer",
          "value": "2"
        },
        {
          "type": "variable",
          "value": "a"
        },
        {
          "type": "variable",
          "value": "a"
        },
        {
          "type": "variable",
          "value": "n"
        },
        {
          "type": "variable",
          "value": "s"
        },
        {
          "type": "variable",
          "value": "A"
        },
        {
          "type": "variable",
          "value": "a"
        },
        {
          "type": "variable",
          "value": "a"
        },
        {
          "type": "variable",
          "value": "M"
        },
        {
          "type": "variable",
          "value": "y"
        }
      ],
      "constraints": []
    }
  ]
}