{
  "metadata": {
    "title": "International Mathematical Olympiad",
    "filename": "2010_eng.pdf",
    "total_pages": 2
  },
  "problems": [
    {
      "number": 1,
      "text": "Determine all functions f:R→Rsuch that the equality\nf\n⌊x⌋y\n=f(x)\nf(y)\nholds for all x, y∈R. (Here ⌊z⌋denotes the greatest integer less than or equal to z.)",
      "entities": [
        {
          "type": "variable",
          "value": "f"
        },
        {
          "type": "variable",
          "value": "R"
        },
        {
          "type": "variable",
          "value": "f"
        },
        {
          "type": "variable",
          "value": "x"
        },
        {
          "type": "variable",
          "value": "y"
        },
        {
          "type": "variable",
          "value": "f"
        },
        {
          "type": "variable",
          "value": "x"
        },
        {
          "type": "variable",
          "value": "f"
        },
        {
          "type": "variable",
          "value": "y"
        },
        {
          "type": "variable",
          "value": "x"
        },
        {
          "type": "variable",
          "value": "y"
        },
        {
          "type": "variable",
          "value": "R"
        },
        {
          "type": "variable",
          "value": "z"
        },
        {
          "type": "variable",
          "value": "z"
        }
      ],
      "constraints": [
        {
          "type": "universal_quantifier",
          "variables": "x",
          "condition": "y∈R. (Here ⌊z⌋denotes the greatest integer less than or equal to z.)"
        }
      ]
    },
    {
      "number": 2,
      "text": "LetIbe the incentre of triangle ABC and let Γbe its circumcircle. Let the line AI\nintersect Γagain at D. Let Ebe a point on the arcúBDC andFa point on the side BCsuch that\n∠BAF =∠CAE <1\n2∠BAC.\nFinally, let Gbe the midpoint of the segment IF. Prove that the lines DGandEIintersect on Γ.",
      "entities": [
        {
          "type": "integer",
          "value": "1"
        },
        {
          "type": "integer",
          "value": "2"
        },
        {
          "type": "variable",
          "value": "D"
        },
        {
          "type": "variable",
          "value": "a"
        },
        {
          "type": "triangle",
          "value": "ABC"
        }
      ],
      "constraints": []
    },
    {
      "number": 3,
      "text": "LetNbe the set of positive integers. Determine all functions g:N→Nsuch that\n\ng(m) +n\nm+g(n)\nis a perfect square for all m, n∈N.\nLanguage: English Time: 4 hours and 30 minutes\nEach problem is worth 7 pointsLanguage: English\nDay: 1\n\nThursday, July 8, 2010",
      "entities": [
        {
          "type": "integer",
          "value": "4"
        },
        {
          "type": "integer",
          "value": "30"
        },
        {
          "type": "integer",
          "value": "7"
        },
        {
          "type": "integer",
          "value": "1"
        },
        {
          "type": "integer",
          "value": "8"
        },
        {
          "type": "integer",
          "value": "2010"
        },
        {
          "type": "variable",
          "value": "g"
        },
        {
          "type": "variable",
          "value": "N"
        },
        {
          "type": "variable",
          "value": "g"
        },
        {
          "type": "variable",
          "value": "m"
        },
        {
          "type": "variable",
          "value": "n"
        },
        {
          "type": "variable",
          "value": "m"
        },
        {
          "type": "variable",
          "value": "g"
        },
        {
          "type": "variable",
          "value": "n"
        },
        {
          "type": "variable",
          "value": "a"
        },
        {
          "type": "variable",
          "value": "m"
        },
        {
          "type": "variable",
          "value": "n"
        },
        {
          "type": "variable",
          "value": "N"
        }
      ],
      "constraints": []
    },
    {
      "number": 4,
      "text": "LetPbe a point inside the triangle ABC. The lines AP,BPandCPintersect the\ncircumcircle Γof triangle ABCagain at the points K,LandMrespectively. The tangent to ΓatC\nintersects the line ABatS. Suppose that SC=SP. Prove that MK =ML.",
      "entities": [
        {
          "type": "variable",
          "value": "a"
        },
        {
          "type": "variable",
          "value": "K"
        },
        {
          "type": "triangle",
          "value": "ABC"
        },
        {
          "type": "triangle",
          "value": "ABC"
        }
      ],
      "constraints": []
    },
    {
      "number": 5,
      "text": "In each of six boxes B1, B2, B3, B4, B5, B6there is initially one coin. There are two\ntypes of operation allowed:\nType1: Choose a nonempty box Bjwith 1≤j≤5. Remove one coin from Bjand add two\ncoins to Bj+1.\nType2: Choose a nonempty box Bkwith 1≤k≤4. Remove one coin from Bkand exchange\nthe contents of (possibly empty) boxes Bk+1andBk+2.\nDeterminewhetherthereisaﬁnitesequenceofsuchoperationsthatresultsinboxes B1, B2, B3, B4, B5\nbeing empty and box B6containing exactly 201020102010coins. (Note that abc=a(bc).)",
      "entities": [
        {
          "type": "integer",
          "value": "1"
        },
        {
          "type": "integer",
          "value": "5"
        },
        {
          "type": "integer",
          "value": "1"
        },
        {
          "type": "integer",
          "value": "1"
        },
        {
          "type": "integer",
          "value": "4"
        },
        {
          "type": "integer",
          "value": "2"
        },
        {
          "type": "variable",
          "value": "a"
        },
        {
          "type": "variable",
          "value": "j"
        },
        {
          "type": "variable",
          "value": "a"
        },
        {
          "type": "variable",
          "value": "k"
        },
        {
          "type": "variable",
          "value": "a"
        }
      ],
      "constraints": []
    },
    {
      "number": 6,
      "text": "Leta1, a2, a3, . . .be a sequence of positive real numbers. Suppose that for some\npositive integer s, we have\nan= max{ak+an−k|1≤k≤n−1}\nfor all n > s. Prove that there exist positive integers /lscriptandN, with /lscript≤sand such that an=a/lscript+an−/lscript\nfor all n≥N.\nLanguage: English Time: 4 hours and 30 minutes\nEach problem is worth 7 pointsLanguage: English\nDay: 2",
      "entities": [
        {
          "type": "integer",
          "value": "1"
        },
        {
          "type": "integer",
          "value": "1"
        },
        {
          "type": "integer",
          "value": "4"
        },
        {
          "type": "integer",
          "value": "30"
        },
        {
          "type": "integer",
          "value": "7"
        },
        {
          "type": "integer",
          "value": "2"
        },
        {
          "type": "variable",
          "value": "a"
        },
        {
          "type": "variable",
          "value": "s"
        },
        {
          "type": "variable",
          "value": "k"
        },
        {
          "type": "variable",
          "value": "k"
        },
        {
          "type": "variable",
          "value": "n"
        },
        {
          "type": "variable",
          "value": "n"
        },
        {
          "type": "variable",
          "value": "s"
        },
        {
          "type": "variable",
          "value": "a"
        },
        {
          "type": "variable",
          "value": "n"
        },
        {
          "type": "variable",
          "value": "N"
        },
        {
          "type": "sequence",
          "value": "o"
        }
      ],
      "constraints": []
    }
  ]
}