{
  "metadata": {
    "title": "International Mathematical Olympiad",
    "filename": "2011_eng.pdf",
    "total_pages": 2
  },
  "problems": [
    {
      "number": 1,
      "text": "Given any set A={a1, a2, a3, a4}of four distinct positive integers, we denote the sum\na1+a2+a3+a4bysA. Let nAdenote the number of pairs (i, j)with 1≤i < j≤4for which ai+aj\ndivides sA. Find all sets Aof four distinct positive integers which achieve the largest possible value\nofnA.",
      "entities": [
        {
          "type": "integer",
          "value": "1"
        },
        {
          "type": "variable",
          "value": "A"
        },
        {
          "type": "variable",
          "value": "i"
        },
        {
          "type": "variable",
          "value": "j"
        },
        {
          "type": "variable",
          "value": "i"
        },
        {
          "type": "variable",
          "value": "j"
        }
      ],
      "constraints": []
    },
    {
      "number": 2,
      "text": "LetSbe a ﬁnite set of at least two points in the plane. Assume that no three points\nofSare collinear. A windmill is a process that starts with a line /lscriptgoing through a single point\nP∈S. The line rotates clockwise about the pivot Puntil the ﬁrst time that the line meets some\nother point belonging to S. This point, Q, takes over as the new pivot, and the line now rotates\nclockwise about Q, until it next meets a point of S. This process continues indeﬁnitely.\nShow that we can choose a point PinSand a line /lscriptgoing through Psuch that the resulting windmill\nuses each point of Sas a pivot inﬁnitely many times.",
      "entities": [
        {
          "type": "variable",
          "value": "a"
        },
        {
          "type": "variable",
          "value": "A"
        },
        {
          "type": "variable",
          "value": "a"
        },
        {
          "type": "variable",
          "value": "a"
        },
        {
          "type": "variable",
          "value": "a"
        },
        {
          "type": "variable",
          "value": "P"
        },
        {
          "type": "variable",
          "value": "S"
        },
        {
          "type": "variable",
          "value": "S"
        },
        {
          "type": "variable",
          "value": "Q"
        },
        {
          "type": "variable",
          "value": "Q"
        },
        {
          "type": "variable",
          "value": "a"
        },
        {
          "type": "variable",
          "value": "S"
        },
        {
          "type": "variable",
          "value": "a"
        },
        {
          "type": "variable",
          "value": "a"
        },
        {
          "type": "variable",
          "value": "a"
        }
      ],
      "constraints": []
    },
    {
      "number": 3,
      "text": "Letf:R→Rbe a real-valued function deﬁned on the set of real numbers that\nsatisﬁes\nf(x+y)≤yf(x) +f(f(x))\nfor all real numbers xandy. Prove that f(x) = 0for all x≤0.\nLanguage: English Time: 4 hours and 30 minutes\nEach problem is worth 7 points\n\nLanguage: English\nDa y: 2\nT uesday, July 19, 2011",
      "entities": [
        {
          "type": "integer",
          "value": "0"
        },
        {
          "type": "integer",
          "value": "4"
        },
        {
          "type": "integer",
          "value": "30"
        },
        {
          "type": "integer",
          "value": "7"
        },
        {
          "type": "integer",
          "value": "2"
        },
        {
          "type": "integer",
          "value": "19"
        },
        {
          "type": "integer",
          "value": "2011"
        },
        {
          "type": "variable",
          "value": "R"
        },
        {
          "type": "variable",
          "value": "a"
        },
        {
          "type": "variable",
          "value": "f"
        },
        {
          "type": "variable",
          "value": "x"
        },
        {
          "type": "variable",
          "value": "y"
        },
        {
          "type": "variable",
          "value": "x"
        },
        {
          "type": "variable",
          "value": "f"
        },
        {
          "type": "variable",
          "value": "f"
        },
        {
          "type": "variable",
          "value": "x"
        },
        {
          "type": "variable",
          "value": "f"
        },
        {
          "type": "variable",
          "value": "x"
        },
        {
          "type": "variable",
          "value": "x"
        },
        {
          "type": "variable",
          "value": "y"
        },
        {
          "type": "variable",
          "value": "T"
        }
      ],
      "constraints": []
    },
    {
      "number": 4,
      "text": "Letn > 0 b e an in teger. W e are giv en a balance and n w eigh ts of w eigh t 20,\n21, . . . , 2n−1. W e are to place eac h of the n w eigh ts on the balance, one after another, in suc h a\nw a y that the righ t pan is nev er hea vier than the left pan. A t eac h step w e c ho ose one of the w eigh ts\nthat has not y et b een placed on the balance, and place it on either the left pan or the righ t pan,\nun til all of the w eigh ts ha v e b een placed.\nDetermine the n um b er of w a ys in whic h this can b e done.",
      "entities": [
        {
          "type": "integer",
          "value": "0"
        },
        {
          "type": "integer",
          "value": "20"
        },
        {
          "type": "integer",
          "value": "21"
        },
        {
          "type": "integer",
          "value": "1"
        },
        {
          "type": "variable",
          "value": "b"
        },
        {
          "type": "variable",
          "value": "e"
        },
        {
          "type": "variable",
          "value": "W"
        },
        {
          "type": "variable",
          "value": "e"
        },
        {
          "type": "variable",
          "value": "a"
        },
        {
          "type": "variable",
          "value": "n"
        },
        {
          "type": "variable",
          "value": "w"
        },
        {
          "type": "variable",
          "value": "w"
        },
        {
          "type": "variable",
          "value": "t"
        },
        {
          "type": "variable",
          "value": "W"
        },
        {
          "type": "variable",
          "value": "e"
        },
        {
          "type": "variable",
          "value": "h"
        },
        {
          "type": "variable",
          "value": "n"
        },
        {
          "type": "variable",
          "value": "w"
        },
        {
          "type": "variable",
          "value": "h"
        },
        {
          "type": "variable",
          "value": "a"
        },
        {
          "type": "variable",
          "value": "w"
        },
        {
          "type": "variable",
          "value": "a"
        },
        {
          "type": "variable",
          "value": "y"
        },
        {
          "type": "variable",
          "value": "t"
        },
        {
          "type": "variable",
          "value": "A"
        },
        {
          "type": "variable",
          "value": "t"
        },
        {
          "type": "variable",
          "value": "h"
        },
        {
          "type": "variable",
          "value": "w"
        },
        {
          "type": "variable",
          "value": "e"
        },
        {
          "type": "variable",
          "value": "c"
        },
        {
          "type": "variable",
          "value": "w"
        },
        {
          "type": "variable",
          "value": "y"
        },
        {
          "type": "variable",
          "value": "b"
        },
        {
          "type": "variable",
          "value": "t"
        },
        {
          "type": "variable",
          "value": "w"
        },
        {
          "type": "variable",
          "value": "v"
        },
        {
          "type": "variable",
          "value": "e"
        },
        {
          "type": "variable",
          "value": "b"
        },
        {
          "type": "variable",
          "value": "n"
        },
        {
          "type": "variable",
          "value": "b"
        },
        {
          "type": "variable",
          "value": "w"
        },
        {
          "type": "variable",
          "value": "a"
        },
        {
          "type": "variable",
          "value": "h"
        },
        {
          "type": "variable",
          "value": "b"
        },
        {
          "type": "variable",
          "value": "e"
        }
      ],
      "constraints": []
    },
    {
      "number": 5,
      "text": "Letf b e a function from the set of in tegers to the set of p ositiv e in tegers. Supp ose\nthat, for an y t w o in tegers m andn , the di\u001berence f(m)−f(n) is divisible b y f(m−n) . Pro v e that,\nfor all in tegers m andn withf(m)≤f(n) , the n um b er f(n) is divisible b y f(m) .",
      "entities": [
        {
          "type": "variable",
          "value": "b"
        },
        {
          "type": "variable",
          "value": "e"
        },
        {
          "type": "variable",
          "value": "a"
        },
        {
          "type": "variable",
          "value": "p"
        },
        {
          "type": "variable",
          "value": "e"
        },
        {
          "type": "variable",
          "value": "y"
        },
        {
          "type": "variable",
          "value": "t"
        },
        {
          "type": "variable",
          "value": "w"
        },
        {
          "type": "variable",
          "value": "o"
        },
        {
          "type": "variable",
          "value": "m"
        },
        {
          "type": "variable",
          "value": "f"
        },
        {
          "type": "variable",
          "value": "m"
        },
        {
          "type": "variable",
          "value": "f"
        },
        {
          "type": "variable",
          "value": "n"
        },
        {
          "type": "variable",
          "value": "b"
        },
        {
          "type": "variable",
          "value": "y"
        },
        {
          "type": "variable",
          "value": "f"
        },
        {
          "type": "variable",
          "value": "m"
        },
        {
          "type": "variable",
          "value": "n"
        },
        {
          "type": "variable",
          "value": "v"
        },
        {
          "type": "variable",
          "value": "e"
        },
        {
          "type": "variable",
          "value": "m"
        },
        {
          "type": "variable",
          "value": "m"
        },
        {
          "type": "variable",
          "value": "f"
        },
        {
          "type": "variable",
          "value": "n"
        },
        {
          "type": "variable",
          "value": "n"
        },
        {
          "type": "variable",
          "value": "b"
        },
        {
          "type": "variable",
          "value": "f"
        },
        {
          "type": "variable",
          "value": "n"
        },
        {
          "type": "variable",
          "value": "b"
        },
        {
          "type": "variable",
          "value": "y"
        },
        {
          "type": "variable",
          "value": "f"
        },
        {
          "type": "variable",
          "value": "m"
        }
      ],
      "constraints": [
        {
          "type": "universal_quantifier",
          "variables": "in tegers m andn withf(m)≤f(n) ",
          "condition": "the n um b er f(n) is divisible b y f(m) ."
        }
      ]
    },
    {
      "number": 6,
      "text": "LetABC b e an acute triangle with circumcircle Γ . Let /lscript b e a tangen t line to Γ , and\nlet/lscripta ,/lscriptb and/lscriptc b e the lines obtained b y re\u001decting /lscript in the lines BC ,CA andAB , resp ectiv ely . Sho w\nthat the circumcircle of the triangle determined b y the lines /lscripta ,/lscriptb and/lscriptc is tangen t to the circle Γ .\nL anguage: English Time: 4 hours and 30 minutes\nEach pr oblem is worth 7 p oints",
      "entities": [
        {
          "type": "integer",
          "value": "4"
        },
        {
          "type": "integer",
          "value": "30"
        },
        {
          "type": "integer",
          "value": "7"
        },
        {
          "type": "variable",
          "value": "b"
        },
        {
          "type": "variable",
          "value": "e"
        },
        {
          "type": "variable",
          "value": "b"
        },
        {
          "type": "variable",
          "value": "e"
        },
        {
          "type": "variable",
          "value": "a"
        },
        {
          "type": "variable",
          "value": "t"
        },
        {
          "type": "variable",
          "value": "b"
        },
        {
          "type": "variable",
          "value": "e"
        },
        {
          "type": "variable",
          "value": "b"
        },
        {
          "type": "variable",
          "value": "y"
        },
        {
          "type": "variable",
          "value": "w"
        },
        {
          "type": "variable",
          "value": "b"
        },
        {
          "type": "variable",
          "value": "y"
        },
        {
          "type": "variable",
          "value": "t"
        },
        {
          "type": "variable",
          "value": "L"
        },
        {
          "type": "variable",
          "value": "p"
        }
      ],
      "constraints": []
    }
  ]
}