{
  "metadata": {
    "title": "International Mathematical Olympiad",
    "filename": "2012_eng.pdf",
    "total_pages": 2
  },
  "problems": [
    {
      "number": 1,
      "text": "Given triangle ABCthe point Jis the centre of the excircle opposite the vertex A.\nThis excircle is tangent to the side BCatM, and to the lines ABandACatKandL, respectively.\nThe lines LMandBJmeet at F, and the lines KMandCJmeet at G. Let Sbe the point of\nintersection of the lines AFandBC, and let Tbe the point of intersection of the lines AGandBC.\nProve that Mis the midpoint of ST.\n(The excircleofABCopposite the vertex Ais the circle that is tangent to the line segment BC,\nto the ray ABbeyond B, and to the ray ACbeyond C.)",
      "entities": [
        {
          "type": "variable",
          "value": "A"
        },
        {
          "type": "variable",
          "value": "F"
        },
        {
          "type": "variable",
          "value": "G"
        },
        {
          "type": "variable",
          "value": "B"
        },
        {
          "type": "variable",
          "value": "C"
        },
        {
          "type": "triangle",
          "value": "ABC"
        }
      ],
      "constraints": []
    },
    {
      "number": 2,
      "text": "Letn≥3be an integer, and let a2, a3, . . . , a nbe positive real numbers such that\na2a3···an= 1. Prove that\n(1 +a2)2(1 +a3)3···(1 +an)n> nn.",
      "entities": [
        {
          "type": "integer",
          "value": "1"
        },
        {
          "type": "integer",
          "value": "1"
        },
        {
          "type": "integer",
          "value": "2"
        },
        {
          "type": "integer",
          "value": "1"
        },
        {
          "type": "integer",
          "value": "3"
        },
        {
          "type": "integer",
          "value": "1"
        },
        {
          "type": "variable",
          "value": "a"
        },
        {
          "type": "variable",
          "value": "n"
        }
      ],
      "constraints": []
    },
    {
      "number": 3,
      "text": "Theliar’s guessing game is a game played between two players AandB. The rules\nof the game depend on two positive integers kandnwhich are known to both players.\nAt the start of the game Achooses integers xandNwith 1≤x≤N. Player Akeeps xsecret,\nand truthfully tells Nto player B. Player Bnow tries to obtain information about xby asking player\nAquestions as follows: each question consists of Bspecifying an arbitrary set Sof positive integers\n(possibly one speciﬁed in some previous question), and asking Awhether xbelongs to S. Player\nBmay ask as many such questions as he wishes. After each question, player Amust immediately\nanswer it with yesorno, but is allowed to lie as many times as she wants; the only restriction is\nthat, among any k+ 1consecutive answers, at least one answer must be truthful.\nAfter Bhas asked as many questions as he wants, he must specify a set Xof at most npositive\nintegers. If xbelongs to X, then Bwins; otherwise, he loses. Prove that:\n1. If n≥2k, then Bcan guarantee a win.\n2. For all suﬃciently large k, there exists an integer n≥1.99ksuch that Bcannot guarantee a\nwin.\nLanguage: English Time: 4 hours and 30 minutes\nEach problem is worth 7 points\n\nLanguage: English\nDa y: 2\nW e dnesday, July 11, 2012",
      "entities": [
        {
          "type": "integer",
          "value": "1"
        },
        {
          "type": "integer",
          "value": "1"
        },
        {
          "type": "integer",
          "value": "2"
        },
        {
          "type": "integer",
          "value": "1"
        },
        {
          "type": "integer",
          "value": "4"
        },
        {
          "type": "integer",
          "value": "30"
        },
        {
          "type": "integer",
          "value": "7"
        },
        {
          "type": "integer",
          "value": "2"
        },
        {
          "type": "integer",
          "value": "11"
        },
        {
          "type": "integer",
          "value": "2012"
        },
        {
          "type": "variable",
          "value": "s"
        },
        {
          "type": "variable",
          "value": "a"
        },
        {
          "type": "variable",
          "value": "x"
        },
        {
          "type": "variable",
          "value": "N"
        },
        {
          "type": "variable",
          "value": "B"
        },
        {
          "type": "variable",
          "value": "S"
        },
        {
          "type": "variable",
          "value": "k"
        },
        {
          "type": "variable",
          "value": "a"
        },
        {
          "type": "variable",
          "value": "X"
        },
        {
          "type": "variable",
          "value": "n"
        },
        {
          "type": "variable",
          "value": "a"
        },
        {
          "type": "variable",
          "value": "k"
        },
        {
          "type": "variable",
          "value": "n"
        },
        {
          "type": "variable",
          "value": "a"
        },
        {
          "type": "variable",
          "value": "y"
        },
        {
          "type": "variable",
          "value": "W"
        },
        {
          "type": "variable",
          "value": "e"
        }
      ],
      "constraints": []
    },
    {
      "number": 4,
      "text": "Find all functions f:Z→Z suc h that, for all in tegers a ,b ,c that satisfy a+b+c= 0 ,\nthe follo wing equalit y holds:\nf(a)2+f(b)2+f(c)2= 2f(a)f(b) + 2f(b)f(c) + 2f(c)f(a).\n(Here Z denotes the set of in tegers.)",
      "entities": [
        {
          "type": "integer",
          "value": "0"
        },
        {
          "type": "integer",
          "value": "2"
        },
        {
          "type": "integer",
          "value": "2"
        },
        {
          "type": "integer",
          "value": "2"
        },
        {
          "type": "variable",
          "value": "f"
        },
        {
          "type": "variable",
          "value": "Z"
        },
        {
          "type": "variable",
          "value": "Z"
        },
        {
          "type": "variable",
          "value": "h"
        },
        {
          "type": "variable",
          "value": "a"
        },
        {
          "type": "variable",
          "value": "b"
        },
        {
          "type": "variable",
          "value": "c"
        },
        {
          "type": "variable",
          "value": "a"
        },
        {
          "type": "variable",
          "value": "b"
        },
        {
          "type": "variable",
          "value": "c"
        },
        {
          "type": "variable",
          "value": "y"
        },
        {
          "type": "variable",
          "value": "f"
        },
        {
          "type": "variable",
          "value": "a"
        },
        {
          "type": "variable",
          "value": "f"
        },
        {
          "type": "variable",
          "value": "b"
        },
        {
          "type": "variable",
          "value": "f"
        },
        {
          "type": "variable",
          "value": "c"
        },
        {
          "type": "variable",
          "value": "a"
        },
        {
          "type": "variable",
          "value": "f"
        },
        {
          "type": "variable",
          "value": "b"
        },
        {
          "type": "variable",
          "value": "b"
        },
        {
          "type": "variable",
          "value": "f"
        },
        {
          "type": "variable",
          "value": "c"
        },
        {
          "type": "variable",
          "value": "c"
        },
        {
          "type": "variable",
          "value": "f"
        },
        {
          "type": "variable",
          "value": "a"
        },
        {
          "type": "variable",
          "value": "Z"
        }
      ],
      "constraints": []
    },
    {
      "number": 5,
      "text": "LetABC b e a triangle with ∠BCA = 90◦, and let D b e the fo ot of the altitude from\nC . Let X b e a p oin t in the in terior of the segmen t CD . Let K b e the p oin t on the segmen t AX\nsuc h that BK =BC . Similarly , let L b e the p oin t on the segmen t BX suc h that AL=AC . Let M\nb e the p oin t of in tersection of AL andBK .\nSho w that MK =ML .",
      "entities": [
        {
          "type": "integer",
          "value": "90"
        },
        {
          "type": "variable",
          "value": "b"
        },
        {
          "type": "variable",
          "value": "e"
        },
        {
          "type": "variable",
          "value": "a"
        },
        {
          "type": "variable",
          "value": "D"
        },
        {
          "type": "variable",
          "value": "b"
        },
        {
          "type": "variable",
          "value": "e"
        },
        {
          "type": "variable",
          "value": "C"
        },
        {
          "type": "variable",
          "value": "X"
        },
        {
          "type": "variable",
          "value": "b"
        },
        {
          "type": "variable",
          "value": "e"
        },
        {
          "type": "variable",
          "value": "a"
        },
        {
          "type": "variable",
          "value": "p"
        },
        {
          "type": "variable",
          "value": "t"
        },
        {
          "type": "variable",
          "value": "t"
        },
        {
          "type": "variable",
          "value": "K"
        },
        {
          "type": "variable",
          "value": "b"
        },
        {
          "type": "variable",
          "value": "e"
        },
        {
          "type": "variable",
          "value": "p"
        },
        {
          "type": "variable",
          "value": "t"
        },
        {
          "type": "variable",
          "value": "t"
        },
        {
          "type": "variable",
          "value": "h"
        },
        {
          "type": "variable",
          "value": "L"
        },
        {
          "type": "variable",
          "value": "b"
        },
        {
          "type": "variable",
          "value": "e"
        },
        {
          "type": "variable",
          "value": "p"
        },
        {
          "type": "variable",
          "value": "t"
        },
        {
          "type": "variable",
          "value": "t"
        },
        {
          "type": "variable",
          "value": "h"
        },
        {
          "type": "variable",
          "value": "M"
        },
        {
          "type": "variable",
          "value": "b"
        },
        {
          "type": "variable",
          "value": "e"
        },
        {
          "type": "variable",
          "value": "p"
        },
        {
          "type": "variable",
          "value": "t"
        },
        {
          "type": "variable",
          "value": "w"
        }
      ],
      "constraints": []
    },
    {
      "number": 6,
      "text": "Find all p ositiv e in tegers n for whic h there exist non-negativ e in tegers a1, a2, . . . , a n\nsuc h that1\n2a1+1\n2a2+···+1\n2an=1\n3a1+2\n3a2+···+n\n3an= 1.\nL anguage: English Time: 4 hours and 30 minutes\nEach pr oblem is worth 7 p oints",
      "entities": [
        {
          "type": "integer",
          "value": "1"
        },
        {
          "type": "integer",
          "value": "1"
        },
        {
          "type": "integer",
          "value": "1"
        },
        {
          "type": "integer",
          "value": "2"
        },
        {
          "type": "integer",
          "value": "1"
        },
        {
          "type": "integer",
          "value": "4"
        },
        {
          "type": "integer",
          "value": "30"
        },
        {
          "type": "integer",
          "value": "7"
        },
        {
          "type": "variable",
          "value": "p"
        },
        {
          "type": "variable",
          "value": "e"
        },
        {
          "type": "variable",
          "value": "n"
        },
        {
          "type": "variable",
          "value": "h"
        },
        {
          "type": "variable",
          "value": "e"
        },
        {
          "type": "variable",
          "value": "a"
        },
        {
          "type": "variable",
          "value": "n"
        },
        {
          "type": "variable",
          "value": "h"
        },
        {
          "type": "variable",
          "value": "n"
        },
        {
          "type": "variable",
          "value": "L"
        },
        {
          "type": "variable",
          "value": "p"
        }
      ],
      "constraints": []
    }
  ]
}