{
  "metadata": {
    "title": "Unknown",
    "filename": "2013_eng.pdf",
    "total_pages": 2
  },
  "problems": [
    {
      "number": 1,
      "text": "Prove that for any pair of positive integers kandn, there exist kpositive integers\nm1; m2; : : : ; m k(not necessarily di\u000berent) such that\n1 +2k\u00001\nn=\u0012\n1 +1\nm1\u0013\u0012\n1 +1\nm2\u0013\n\u0001\u0001\u0001\u0012\n1 +1\nmk\u0013\n:",
      "entities": [
        {
          "type": "integer",
          "value": "1"
        },
        {
          "type": "integer",
          "value": "1"
        },
        {
          "type": "integer",
          "value": "1"
        },
        {
          "type": "integer",
          "value": "1"
        },
        {
          "type": "integer",
          "value": "1"
        },
        {
          "type": "integer",
          "value": "1"
        },
        {
          "type": "integer",
          "value": "1"
        },
        {
          "type": "integer",
          "value": "1"
        },
        {
          "type": "variable",
          "value": "m"
        },
        {
          "type": "variable",
          "value": "k"
        },
        {
          "type": "variable",
          "value": "n"
        }
      ],
      "constraints": []
    },
    {
      "number": 2,
      "text": "A con\fguration of 4027 points in the plane is called Colombian if it consists of 2013 red\npoints and 2014 blue points, and no three of the points of the con\fguration are collinear. By drawing\nsome lines, the plane is divided into several regions. An arrangement of lines is good for a Colombian\ncon\fguration if the following two conditions are satis\fed:\n\u000fno line passes through any point of the con\fguration;\n\u000fno region contains points of both colours.\nFind the least value of ksuch that for any Colombian con\fguration of 4027 points, there is a good\narrangement of klines.",
      "entities": [
        {
          "type": "integer",
          "value": "4027"
        },
        {
          "type": "integer",
          "value": "2013"
        },
        {
          "type": "integer",
          "value": "2014"
        },
        {
          "type": "integer",
          "value": "4027"
        },
        {
          "type": "variable",
          "value": "A"
        },
        {
          "type": "variable",
          "value": "a"
        },
        {
          "type": "variable",
          "value": "a"
        }
      ],
      "constraints": []
    },
    {
      "number": 3,
      "text": "Let the excircle of triangle ABC opposite the vertex Abe tangent to the side BCat the\npoint A1. De\fne the points B1onCAandC1onABanalogously, using the excircles opposite Band\nC, respectively. Suppose that the circumcentre of triangle A1B1C1lies on the circumcircle of triangle\nABC . Prove that triangle ABC is right-angled.\nThe excircle of triangle ABC opposite the vertex Ais the circle that is tangent to the line segment\nBC, to the ray ABbeyond B, and to the ray ACbeyond C. The excircles opposite BandCare similarly\nde\fned.\nLanguage: English Time: 4 hours and 30 minutes\nEach problem is worth 7 points\n\nLanguage: English\nDay: 2\nWednesday, July 24, 2013",
      "entities": [
        {
          "type": "integer",
          "value": "4"
        },
        {
          "type": "integer",
          "value": "30"
        },
        {
          "type": "integer",
          "value": "7"
        },
        {
          "type": "integer",
          "value": "2"
        },
        {
          "type": "integer",
          "value": "24"
        },
        {
          "type": "integer",
          "value": "2013"
        },
        {
          "type": "variable",
          "value": "C"
        },
        {
          "type": "variable",
          "value": "B"
        },
        {
          "type": "variable",
          "value": "C"
        },
        {
          "type": "triangle",
          "value": "ABC"
        },
        {
          "type": "triangle",
          "value": "ABC"
        },
        {
          "type": "triangle",
          "value": "ABC"
        },
        {
          "type": "triangle",
          "value": "ABC"
        }
      ],
      "constraints": []
    },
    {
      "number": 4,
      "text": "LetABC be an acute-angled triangle with orthocentre H, and let Wbe a point on the\nsideBC, lying strictly between BandC. The points MandNare the feet of the altitudes from Band\nC, respectively. Denote by !1the circumcircle of BWN , and let Xbe the point on !1such that WX\nis a diameter of !1. Analogously, denote by !2the circumcircle of CWM , and let Ybe the point on !2\nsuch that WY is a diameter of !2. Prove that X,YandHare collinear.",
      "entities": [
        {
          "type": "integer",
          "value": "1"
        },
        {
          "type": "integer",
          "value": "2"
        },
        {
          "type": "integer",
          "value": "2"
        },
        {
          "type": "variable",
          "value": "H"
        },
        {
          "type": "variable",
          "value": "a"
        },
        {
          "type": "variable",
          "value": "C"
        },
        {
          "type": "variable",
          "value": "a"
        },
        {
          "type": "variable",
          "value": "a"
        },
        {
          "type": "variable",
          "value": "X"
        }
      ],
      "constraints": []
    },
    {
      "number": 5,
      "text": "LetQ>0be the set of positive rational numbers. Let f:Q>0!Rbe a function satisfying\nthe following three conditions:\n(i) for all x; y2Q>0, we have f(x)f(y)\u0015f(xy);\n(ii) for all x; y2Q>0, we have f(x+y)\u0015f(x) +f(y);\n(iii) there exists a rational number a >1 such that f(a) =a.\nProve that f(x) =xfor all x2Q>0.",
      "entities": [
        {
          "type": "integer",
          "value": "0"
        },
        {
          "type": "integer",
          "value": "0"
        },
        {
          "type": "integer",
          "value": "0"
        },
        {
          "type": "integer",
          "value": "1"
        },
        {
          "type": "integer",
          "value": "0"
        },
        {
          "type": "variable",
          "value": "f"
        },
        {
          "type": "variable",
          "value": "Q"
        },
        {
          "type": "variable",
          "value": "a"
        },
        {
          "type": "variable",
          "value": "i"
        },
        {
          "type": "variable",
          "value": "x"
        },
        {
          "type": "variable",
          "value": "f"
        },
        {
          "type": "variable",
          "value": "x"
        },
        {
          "type": "variable",
          "value": "f"
        },
        {
          "type": "variable",
          "value": "y"
        },
        {
          "type": "variable",
          "value": "f"
        },
        {
          "type": "variable",
          "value": "x"
        },
        {
          "type": "variable",
          "value": "f"
        },
        {
          "type": "variable",
          "value": "x"
        },
        {
          "type": "variable",
          "value": "y"
        },
        {
          "type": "variable",
          "value": "f"
        },
        {
          "type": "variable",
          "value": "x"
        },
        {
          "type": "variable",
          "value": "f"
        },
        {
          "type": "variable",
          "value": "y"
        },
        {
          "type": "variable",
          "value": "a"
        },
        {
          "type": "variable",
          "value": "a"
        },
        {
          "type": "variable",
          "value": "f"
        },
        {
          "type": "variable",
          "value": "a"
        },
        {
          "type": "variable",
          "value": "a"
        },
        {
          "type": "variable",
          "value": "f"
        },
        {
          "type": "variable",
          "value": "x"
        }
      ],
      "constraints": []
    },
    {
      "number": 6,
      "text": "Letn\u00153 be an integer, and consider a circle with n+ 1 equally spaced points marked\non it. Consider all labellings of these points with the numbers 0 ;1; : : : ; n such that each label is used\nexactly once; two such labellings are considered to be the same if one can be obtained from the other\nby a rotation of the circle. A labelling is called beautiful if, for any four labels a < b < c < d with\na+d=b+c, the chord joining the points labelled aandddoes not intersect the chord joining the\npoints labelled bandc.\nLetMbe the number of beautiful labellings, and let Nbe the number of ordered pairs ( x; y) of\npositive integers such that x+y\u0014nand gcd( x; y) = 1. Prove that\nM=N+ 1:\nLanguage: English Time: 4 hours and 30 minutes\nEach problem is worth 7 points",
      "entities": [
        {
          "type": "integer",
          "value": "3"
        },
        {
          "type": "integer",
          "value": "1"
        },
        {
          "type": "integer",
          "value": "0"
        },
        {
          "type": "integer",
          "value": "1"
        },
        {
          "type": "integer",
          "value": "1"
        },
        {
          "type": "integer",
          "value": "1"
        },
        {
          "type": "integer",
          "value": "4"
        },
        {
          "type": "integer",
          "value": "30"
        },
        {
          "type": "integer",
          "value": "7"
        },
        {
          "type": "variable",
          "value": "a"
        },
        {
          "type": "variable",
          "value": "n"
        },
        {
          "type": "variable",
          "value": "n"
        },
        {
          "type": "variable",
          "value": "a"
        },
        {
          "type": "variable",
          "value": "A"
        },
        {
          "type": "variable",
          "value": "a"
        },
        {
          "type": "variable",
          "value": "b"
        },
        {
          "type": "variable",
          "value": "c"
        },
        {
          "type": "variable",
          "value": "d"
        },
        {
          "type": "variable",
          "value": "a"
        },
        {
          "type": "variable",
          "value": "d"
        },
        {
          "type": "variable",
          "value": "b"
        },
        {
          "type": "variable",
          "value": "c"
        },
        {
          "type": "variable",
          "value": "x"
        },
        {
          "type": "variable",
          "value": "y"
        },
        {
          "type": "variable",
          "value": "x"
        },
        {
          "type": "variable",
          "value": "y"
        },
        {
          "type": "variable",
          "value": "x"
        },
        {
          "type": "variable",
          "value": "y"
        },
        {
          "type": "variable",
          "value": "M"
        },
        {
          "type": "variable",
          "value": "N"
        },
        {
          "type": "gcd",
          "value": "gcd("
        }
      ],
      "constraints": []
    }
  ]
}