{
  "metadata": {
    "title": "Unknown",
    "filename": "2017_eng.pdf",
    "total_pages": 2
  },
  "problems": [
    {
      "number": 1,
      "text": "For each integer a0>1, deﬁne the sequence a0,a1,a2, ... by:\nan+1=\u001apanifpanis an integer ;\nan+ 3otherwise,for each n>0.\nDetermine all values of a0for which there is a number Asuch that an=Afor inﬁnitely many values\nofn.",
      "entities": [
        {
          "type": "integer",
          "value": "1"
        },
        {
          "type": "integer",
          "value": "1"
        },
        {
          "type": "integer",
          "value": "0"
        },
        {
          "type": "variable",
          "value": "n"
        },
        {
          "type": "variable",
          "value": "a"
        },
        {
          "type": "sequence",
          "value": "a0"
        }
      ],
      "constraints": []
    },
    {
      "number": 2,
      "text": "LetRbe the set of real numbers. Determine all functions f:R!Rsuch that, for\nall real numbers xandy,\nf(f(x)f(y)) +f(x+y) =f(xy):",
      "entities": [
        {
          "type": "variable",
          "value": "f"
        },
        {
          "type": "variable",
          "value": "R"
        },
        {
          "type": "variable",
          "value": "f"
        },
        {
          "type": "variable",
          "value": "f"
        },
        {
          "type": "variable",
          "value": "x"
        },
        {
          "type": "variable",
          "value": "f"
        },
        {
          "type": "variable",
          "value": "y"
        },
        {
          "type": "variable",
          "value": "f"
        },
        {
          "type": "variable",
          "value": "x"
        },
        {
          "type": "variable",
          "value": "y"
        },
        {
          "type": "variable",
          "value": "f"
        }
      ],
      "constraints": []
    },
    {
      "number": 3,
      "text": "A hunter and an invisible rabbit play a game in the Euclidean plane. The rabbit’s\nstarting point, A0, and the hunter’s starting point, B0, are the same. After n\u00001rounds of the game,\nthe rabbit is at point An\u00001and the hunter is at point Bn\u00001. In the nthround of the game, three\nthings occur in order.\n(i) The rabbit moves invisibly to a point Ansuch that the distance between An\u00001andAnis\nexactly 1.\n(ii) Atrackingdevicereportsapoint Pntothehunter. Theonlyguaranteeprovidedbythetracking\ndevice to the hunter is that the distance between PnandAnis at most 1.\n(iii) The hunter moves visibly to a point Bnsuch that the distance between Bn\u00001andBnis\nexactly 1.\nIs it always possible, no matter how the rabbit moves, and no matter what points are reported\nby the tracking device, for the hunter to choose her moves so that after 109rounds she can ensure\nthat the distance between her and the rabbit is at most 100?\nLanguage: English Time: 4 hours and 30 minutes\nEach problem is worth 7 pointsEnglish (eng), day 1\n\n\nWednesday, July 19, 2017",
      "entities": [
        {
          "type": "integer",
          "value": "1"
        },
        {
          "type": "integer",
          "value": "1"
        },
        {
          "type": "integer",
          "value": "1"
        },
        {
          "type": "integer",
          "value": "1"
        },
        {
          "type": "integer",
          "value": "100"
        },
        {
          "type": "integer",
          "value": "4"
        },
        {
          "type": "integer",
          "value": "30"
        },
        {
          "type": "integer",
          "value": "7"
        },
        {
          "type": "integer",
          "value": "1"
        },
        {
          "type": "integer",
          "value": "19"
        },
        {
          "type": "integer",
          "value": "2017"
        },
        {
          "type": "variable",
          "value": "A"
        },
        {
          "type": "variable",
          "value": "a"
        },
        {
          "type": "variable",
          "value": "s"
        },
        {
          "type": "variable",
          "value": "s"
        },
        {
          "type": "variable",
          "value": "n"
        },
        {
          "type": "variable",
          "value": "i"
        },
        {
          "type": "variable",
          "value": "a"
        },
        {
          "type": "variable",
          "value": "a"
        }
      ],
      "constraints": []
    },
    {
      "number": 4,
      "text": "LetRandSbe diﬀerent points on a circle \nsuch that RSis not a diameter. Let `\nbe the tangent line to \natR. Point Tis such that Sis the midpoint of the line segment RT. Point\nJis chosen on the shorter arc RSof\nso that the circumcircle \u0000of triangle JSTintersects `at two\ndistinct points. Let Abe the common point of \u0000and`that is closer to R. Line AJmeets \nagain\natK. Prove that the line KTis tangent to \u0000.",
      "entities": [
        {
          "type": "variable",
          "value": "a"
        },
        {
          "type": "variable",
          "value": "a"
        },
        {
          "type": "variable",
          "value": "R"
        },
        {
          "type": "triangle",
          "value": "JST"
        }
      ],
      "constraints": []
    },
    {
      "number": 5,
      "text": "An integer N>2is given. A collection of N(N+ 1)soccer players, no two of whom\nare of the same height, stand in a row. Sir Alex wants to remove N(N\u00001)players from this row\nleaving a new row of 2Nplayers in which the following Nconditions hold:\n(1) no one stands between the two tallest players,\n(2) no one stands between the third and fourth tallest players,\n...\n(N) no one stands between the two shortest players.\nShow that this is always possible.",
      "entities": [
        {
          "type": "integer",
          "value": "1"
        },
        {
          "type": "integer",
          "value": "1"
        },
        {
          "type": "integer",
          "value": "1"
        },
        {
          "type": "integer",
          "value": "2"
        },
        {
          "type": "variable",
          "value": "N"
        },
        {
          "type": "variable",
          "value": "A"
        },
        {
          "type": "variable",
          "value": "N"
        },
        {
          "type": "variable",
          "value": "N"
        },
        {
          "type": "variable",
          "value": "a"
        },
        {
          "type": "variable",
          "value": "N"
        },
        {
          "type": "variable",
          "value": "N"
        },
        {
          "type": "variable",
          "value": "a"
        },
        {
          "type": "variable",
          "value": "N"
        }
      ],
      "constraints": []
    },
    {
      "number": 6,
      "text": "An ordered pair (x; y)of integers is a primitive point if the greatest common divisor\nofxandyis 1. Given a ﬁnite set Sof primitive points, prove that there exist a positive integer n\nand integers a0,a1, ..., ansuch that, for each (x; y)inS, we have:\na0xn+a1xn\u00001y+a2xn\u00002y2+\u0001 \u0001 \u0001+an\u00001xyn\u00001+anyn= 1:\nLanguage: English Time: 4 hours and 30 minutes\nEach problem is worth 7 pointsEnglish (eng), day 2",
      "entities": [
        {
          "type": "integer",
          "value": "1"
        },
        {
          "type": "integer",
          "value": "1"
        },
        {
          "type": "integer",
          "value": "1"
        },
        {
          "type": "integer",
          "value": "4"
        },
        {
          "type": "integer",
          "value": "30"
        },
        {
          "type": "integer",
          "value": "7"
        },
        {
          "type": "integer",
          "value": "2"
        },
        {
          "type": "variable",
          "value": "x"
        },
        {
          "type": "variable",
          "value": "y"
        },
        {
          "type": "variable",
          "value": "a"
        },
        {
          "type": "variable",
          "value": "a"
        },
        {
          "type": "variable",
          "value": "a"
        },
        {
          "type": "variable",
          "value": "n"
        },
        {
          "type": "variable",
          "value": "x"
        },
        {
          "type": "variable",
          "value": "y"
        }
      ],
      "constraints": []
    }
  ]
}