{
  "metadata": {
    "title": "Unknown",
    "filename": "2018_eng.pdf",
    "total_pages": 2
  },
  "problems": [
    {
      "number": 1,
      "text": "Let\u0000be the circumcircle of acute-angled triangle ABC. Points DandElie on\nsegments ABandAC, respectively, such that AD=AE. The perpendicular bisectors of BDand\nCEintersect the minor arcs ABandACof\u0000at points FandG, respectively. Prove that the lines\nDEandFGare parallel (or are the same line).",
      "entities": [
        {
          "type": "triangle",
          "value": "ABC"
        }
      ],
      "constraints": []
    },
    {
      "number": 2,
      "text": "Find all integers n\u00153for which there exist real numbers a1; a2; : : : ; a n+2, such that\nan+1=a1andan+2=a2, and\naiai+1+ 1 = ai+2\nfori= 1;2; : : : ; n.",
      "entities": [
        {
          "type": "integer",
          "value": "2"
        },
        {
          "type": "integer",
          "value": "1"
        },
        {
          "type": "integer",
          "value": "2"
        },
        {
          "type": "integer",
          "value": "1"
        },
        {
          "type": "integer",
          "value": "1"
        },
        {
          "type": "integer",
          "value": "2"
        },
        {
          "type": "integer",
          "value": "1"
        },
        {
          "type": "integer",
          "value": "2"
        },
        {
          "type": "variable",
          "value": "n"
        },
        {
          "type": "variable",
          "value": "a"
        },
        {
          "type": "variable",
          "value": "n"
        },
        {
          "type": "variable",
          "value": "n"
        }
      ],
      "constraints": []
    },
    {
      "number": 3,
      "text": "Ananti-Pascal triangle is an equilateral triangular array of numbers such that, except\nfor the numbers in the bottom row, each number is the absolute value of the diﬀerence of the two\nnumbers immediately below it. For example, the following array is an anti-Pascal triangle with four\nrows which contains every integer from 1to10.\n4\n26\n571\n8310 9\nDoes there exist an anti-Pascal triangle with 2018rows which contains every integer from 1to\n1 + 2 + \u0001\u0001\u0001+ 2018?\nLanguage: English Time: 4 hours and 30 minutes\nEach problem is worth 7 pointsEnglish (eng), day 1\n\n\nTuesday, July 10, 2018",
      "entities": [
        {
          "type": "integer",
          "value": "4"
        },
        {
          "type": "integer",
          "value": "26"
        },
        {
          "type": "integer",
          "value": "571"
        },
        {
          "type": "integer",
          "value": "8310"
        },
        {
          "type": "integer",
          "value": "9"
        },
        {
          "type": "integer",
          "value": "1"
        },
        {
          "type": "integer",
          "value": "2"
        },
        {
          "type": "integer",
          "value": "2018"
        },
        {
          "type": "integer",
          "value": "4"
        },
        {
          "type": "integer",
          "value": "30"
        },
        {
          "type": "integer",
          "value": "7"
        },
        {
          "type": "integer",
          "value": "1"
        },
        {
          "type": "integer",
          "value": "10"
        },
        {
          "type": "integer",
          "value": "2018"
        }
      ],
      "constraints": []
    },
    {
      "number": 4,
      "text": "Asiteis any point (x; y)in the plane such that xandyare both positive integers less\nthan or equal to 20.\nInitially, each of the 400sites is unoccupied. Amy and Ben take turns placing stones with Amy\ngoing ﬁrst. On her turn, Amy places a new red stone on an unoccupied site such that the distance\nbetween any two sites occupied by red stones is not equal top\n5. On his turn, Ben places a new blue\nstone on any unoccupied site. (A site occupied by a blue stone is allowed to be at any distance from\nany other occupied site.) They stop as soon as a player cannot place a stone.\nFind the greatest Ksuch that Amy can ensure that she places at least Kred stones, no matter\nhow Ben places his blue stones.",
      "entities": [
        {
          "type": "integer",
          "value": "20"
        },
        {
          "type": "integer",
          "value": "5"
        },
        {
          "type": "variable",
          "value": "x"
        },
        {
          "type": "variable",
          "value": "y"
        },
        {
          "type": "variable",
          "value": "a"
        },
        {
          "type": "variable",
          "value": "a"
        },
        {
          "type": "variable",
          "value": "A"
        },
        {
          "type": "variable",
          "value": "a"
        },
        {
          "type": "variable",
          "value": "a"
        },
        {
          "type": "variable",
          "value": "a"
        }
      ],
      "constraints": []
    },
    {
      "number": 5,
      "text": "Leta1; a2; : : :be an inﬁnite sequence of positive integers. Suppose that there is an\ninteger N > 1such that, for each n\u0015N, the number\na1\na2+a2\na3+\u0001\u0001\u0001+an\u00001\nan+an\na1\nis an integer. Prove that there is a positive integer Msuch that am=am+1for all m\u0015M.",
      "entities": [
        {
          "type": "integer",
          "value": "1"
        },
        {
          "type": "variable",
          "value": "N"
        },
        {
          "type": "variable",
          "value": "n"
        },
        {
          "type": "variable",
          "value": "N"
        },
        {
          "type": "variable",
          "value": "a"
        },
        {
          "type": "variable",
          "value": "m"
        },
        {
          "type": "variable",
          "value": "M"
        },
        {
          "type": "sequence",
          "value": "o"
        }
      ],
      "constraints": []
    },
    {
      "number": 6,
      "text": "A convex quadrilateral ABCDsatisﬁes AB\u0001CD =BC\u0001DA. Point Xlies inside\nABCDso that\n\\XAB =\\XCD and \\XBC =\\XDA:\nProve that \\BXA +\\DXC = 180\u000e.\nLanguage: English Time: 4 hours and 30 minutes\nEach problem is worth 7 pointsEnglish (eng), day 2",
      "entities": [
        {
          "type": "integer",
          "value": "180"
        },
        {
          "type": "integer",
          "value": "4"
        },
        {
          "type": "integer",
          "value": "30"
        },
        {
          "type": "integer",
          "value": "7"
        },
        {
          "type": "integer",
          "value": "2"
        },
        {
          "type": "variable",
          "value": "A"
        }
      ],
      "constraints": []
    }
  ]
}