{
  "metadata": {
    "title": "Unknown",
    "filename": "2019_eng.pdf",
    "total_pages": 2
  },
  "problems": [
    {
      "number": 1,
      "text": "LetZbe the set of integers. Determine all functions f:Z!Zsuch that, for all\nintegers aandb,\nf(2a) + 2f(b) =f(f(a+b)):",
      "entities": [
        {
          "type": "variable",
          "value": "f"
        },
        {
          "type": "variable",
          "value": "Z"
        },
        {
          "type": "variable",
          "value": "f"
        },
        {
          "type": "variable",
          "value": "b"
        },
        {
          "type": "variable",
          "value": "f"
        },
        {
          "type": "variable",
          "value": "f"
        },
        {
          "type": "variable",
          "value": "a"
        },
        {
          "type": "variable",
          "value": "b"
        }
      ],
      "constraints": []
    },
    {
      "number": 2,
      "text": "In triangle ABC , point A1lies on side BCand point B1lies on side AC. Let PandQ\nbe points on segments AA 1andBB 1, respectively, such that PQis parallel to AB. Let P1be a point\non line PB 1, such that B1lies strictly between PandP1, and\\PP 1C=\\BAC . Similarly, let Q1\nbe a point on line QA 1, such that A1lies strictly between QandQ1, and\\CQ 1Q=\\CBA .\nProve that points P,Q,P1, and Q1are concyclic.",
      "entities": [
        {
          "type": "integer",
          "value": "1"
        },
        {
          "type": "integer",
          "value": "1"
        },
        {
          "type": "integer",
          "value": "1"
        },
        {
          "type": "variable",
          "value": "a"
        },
        {
          "type": "variable",
          "value": "a"
        },
        {
          "type": "variable",
          "value": "P"
        },
        {
          "type": "variable",
          "value": "Q"
        },
        {
          "type": "triangle",
          "value": "ABC"
        }
      ],
      "constraints": []
    },
    {
      "number": 3,
      "text": "A social network has 2019 users, some pairs of whom are friends. Whenever user A\nis friends with user B, user Bis also friends with user A. Events of the following kind may happen\nrepeatedly, one at a time:\nThree users A,B, and Csuch that Ais friends with both BandC, but BandCare\nnot friends, change their friendship statuses such that BandCare now friends, but Ais\nno longer friends with B, and no longer friends with C. All other friendship statuses are\nunchanged.\nInitially, 1010 users have 1009 friends each, and 1009 users have 1010 friends each. Prove that there\nexists a sequence of such events after which each user is friends with at most one other user.\nLanguage: English Time: 4 hours and 30 minutes\nEach problem is worth 7 pointsEnglish (eng), day 1\n\n\nWednesday, July 17, 2019",
      "entities": [
        {
          "type": "integer",
          "value": "2019"
        },
        {
          "type": "integer",
          "value": "1010"
        },
        {
          "type": "integer",
          "value": "1009"
        },
        {
          "type": "integer",
          "value": "1009"
        },
        {
          "type": "integer",
          "value": "1010"
        },
        {
          "type": "integer",
          "value": "4"
        },
        {
          "type": "integer",
          "value": "30"
        },
        {
          "type": "integer",
          "value": "7"
        },
        {
          "type": "integer",
          "value": "1"
        },
        {
          "type": "integer",
          "value": "17"
        },
        {
          "type": "integer",
          "value": "2019"
        },
        {
          "type": "variable",
          "value": "A"
        },
        {
          "type": "variable",
          "value": "A"
        },
        {
          "type": "variable",
          "value": "B"
        },
        {
          "type": "variable",
          "value": "A"
        },
        {
          "type": "variable",
          "value": "a"
        },
        {
          "type": "variable",
          "value": "A"
        },
        {
          "type": "variable",
          "value": "B"
        },
        {
          "type": "variable",
          "value": "B"
        },
        {
          "type": "variable",
          "value": "C"
        },
        {
          "type": "variable",
          "value": "a"
        },
        {
          "type": "sequence",
          "value": "o"
        }
      ],
      "constraints": []
    },
    {
      "number": 4,
      "text": "Find all pairs (k; n)of positive integers such that\nk! = (2n\u00001)(2n\u00002)(2n\u00004)\u0001\u0001\u0001(2n\u00002n\u00001):",
      "entities": [
        {
          "type": "integer",
          "value": "1"
        },
        {
          "type": "integer",
          "value": "2"
        },
        {
          "type": "integer",
          "value": "4"
        },
        {
          "type": "integer",
          "value": "1"
        },
        {
          "type": "variable",
          "value": "k"
        },
        {
          "type": "variable",
          "value": "n"
        },
        {
          "type": "variable",
          "value": "k"
        }
      ],
      "constraints": []
    },
    {
      "number": 5,
      "text": "The Bank of Bath issues coins with an Hon one side and a Ton the other. Harry has\nnof these coins arranged in a line from left to right. He repeatedly performs the following operation:\nif there are exactly k > 0coins showing H, then he turns over the kthcoin from the left; otherwise,\nall coins show Tand he stops. For example, if n= 3the process starting with the conﬁguration\nTHTwould be THT!HHT!HTT!TTT, which stops after three operations.\n(a) Show that, for each initial conﬁguration, Harry stops after a ﬁnite number of operations.\n(b) For each initial conﬁguration C, letL(C)be the number of operations before Harry stops. For\nexample, L(THT ) = 3andL(TTT ) = 0. Determine the average value of L(C)over all 2n\npossible initial conﬁgurations C.",
      "entities": [
        {
          "type": "integer",
          "value": "0"
        },
        {
          "type": "variable",
          "value": "a"
        },
        {
          "type": "variable",
          "value": "a"
        },
        {
          "type": "variable",
          "value": "k"
        },
        {
          "type": "variable",
          "value": "H"
        },
        {
          "type": "variable",
          "value": "n"
        },
        {
          "type": "variable",
          "value": "a"
        },
        {
          "type": "variable",
          "value": "a"
        },
        {
          "type": "variable",
          "value": "b"
        },
        {
          "type": "variable",
          "value": "C"
        },
        {
          "type": "variable",
          "value": "C"
        },
        {
          "type": "variable",
          "value": "L"
        },
        {
          "type": "variable",
          "value": "L"
        },
        {
          "type": "variable",
          "value": "C"
        },
        {
          "type": "variable",
          "value": "C"
        }
      ],
      "constraints": []
    },
    {
      "number": 6,
      "text": "LetIbe the incentre of acute triangle ABCwithAB6=AC. The incircle !ofABCis\ntangent to sides BC,CA, and ABatD,E, and F, respectively. The line through Dperpendicular\ntoEFmeets !again at R. Line ARmeets !again at P. The circumcircles of triangles PCE\nandPBFmeet again at Q.\nProve that lines DIandPQmeet on the line through Aperpendicular to AI.\nLanguage: English Time: 4 hours and 30 minutes\nEach problem is worth 7 pointsEnglish (eng), day 2",
      "entities": [
        {
          "type": "integer",
          "value": "4"
        },
        {
          "type": "integer",
          "value": "30"
        },
        {
          "type": "integer",
          "value": "7"
        },
        {
          "type": "integer",
          "value": "2"
        },
        {
          "type": "variable",
          "value": "E"
        },
        {
          "type": "variable",
          "value": "F"
        },
        {
          "type": "variable",
          "value": "R"
        },
        {
          "type": "variable",
          "value": "P"
        },
        {
          "type": "variable",
          "value": "Q"
        },
        {
          "type": "triangle",
          "value": "ABC"
        }
      ],
      "constraints": []
    }
  ]
}