{
  "metadata": {
    "title": "Unknown",
    "filename": "2020_eng.pdf",
    "total_pages": 2
  },
  "problems": [
    {
      "number": 1,
      "text": "Consider the convex quadrilateral ABCD . The point P is in the interior of ABCD .\nThe following ratio equalities hold:\n∠PAD :∠PBA :∠DPA = 1 : 2 : 3 = ∠CBP :∠BAP :∠BPC.\nProve that the following three lines meet in a point: the internal bisectors of angles ∠ADP and\n∠PCB and the perpendicular bisector of segment AB .",
      "entities": [
        {
          "type": "integer",
          "value": "1"
        },
        {
          "type": "integer",
          "value": "2"
        },
        {
          "type": "integer",
          "value": "3"
        },
        {
          "type": "variable",
          "value": "P"
        },
        {
          "type": "variable",
          "value": "a"
        }
      ],
      "constraints": []
    },
    {
      "number": 2,
      "text": "The real numbers a, b, c, d are such that a≥b≥c≥d > 0anda+b+c+d= 1 .\nProve that\n(a+ 2b+ 3c+ 4d)aabbccdd<1.",
      "entities": [
        {
          "type": "integer",
          "value": "1"
        },
        {
          "type": "integer",
          "value": "1"
        },
        {
          "type": "variable",
          "value": "a"
        },
        {
          "type": "variable",
          "value": "b"
        },
        {
          "type": "variable",
          "value": "c"
        },
        {
          "type": "variable",
          "value": "d"
        },
        {
          "type": "variable",
          "value": "a"
        },
        {
          "type": "variable",
          "value": "b"
        },
        {
          "type": "variable",
          "value": "c"
        },
        {
          "type": "variable",
          "value": "d"
        },
        {
          "type": "variable",
          "value": "b"
        },
        {
          "type": "variable",
          "value": "c"
        },
        {
          "type": "variable",
          "value": "d"
        },
        {
          "type": "variable",
          "value": "a"
        }
      ],
      "constraints": []
    },
    {
      "number": 3,
      "text": "There are 4npebbles of weights 1,2,3, . . . , 4n. Each pebble is coloured in one of n\ncolours and there are four pebbles of each colour. Show that we can arrange the pebbles into two\npiles so that the following two conditions are both satisfied:\n• The total weights of both piles are the same.\n• Each pile contains two pebbles of each colour.\nLanguage: English Time: 4 hours and 30 minutes.\nEach problem is worth 7 points.English (eng), day 1\n\nT uesday, 22. September 2020",
      "entities": [
        {
          "type": "integer",
          "value": "1"
        },
        {
          "type": "integer",
          "value": "2"
        },
        {
          "type": "integer",
          "value": "3"
        },
        {
          "type": "integer",
          "value": "4"
        },
        {
          "type": "integer",
          "value": "30"
        },
        {
          "type": "integer",
          "value": "7"
        },
        {
          "type": "integer",
          "value": "1"
        },
        {
          "type": "integer",
          "value": "22"
        },
        {
          "type": "integer",
          "value": "2020"
        },
        {
          "type": "variable",
          "value": "n"
        },
        {
          "type": "variable",
          "value": "T"
        }
      ],
      "constraints": []
    },
    {
      "number": 4,
      "text": "There is an integer n > 1. There are n2stations on a slope of a mountain, all at\ndifferent altitudes. Each of two cable car companies, A andB, operates kcable cars; each cable\ncar provides a transfer from one of the stations to a higher one (with no intermediate stops). The\nkcable cars of A have kdifferent starting points and kdifferent finishing points, and a cable car\nwhich starts higher also finishes higher. The same conditions hold for B. W e say that two stations\nare linked by a company if one can start from the lower station and reach the higher one by using\none or more cars of that company (no other movements between stations are allowed).\nDetermine the smallest positive integer kfor which one can guarantee that there are two stations\nthat are linked by both companies.",
      "entities": [
        {
          "type": "integer",
          "value": "1"
        },
        {
          "type": "variable",
          "value": "n"
        },
        {
          "type": "variable",
          "value": "a"
        },
        {
          "type": "variable",
          "value": "a"
        },
        {
          "type": "variable",
          "value": "A"
        },
        {
          "type": "variable",
          "value": "a"
        },
        {
          "type": "variable",
          "value": "a"
        },
        {
          "type": "variable",
          "value": "A"
        },
        {
          "type": "variable",
          "value": "a"
        },
        {
          "type": "variable",
          "value": "B"
        },
        {
          "type": "variable",
          "value": "W"
        },
        {
          "type": "variable",
          "value": "e"
        },
        {
          "type": "variable",
          "value": "a"
        }
      ],
      "constraints": []
    },
    {
      "number": 5,
      "text": "A deck of n > 1cards is given. A positive integer is written on each card. The deck\nhas the property that the arithmetic mean of the numbers on each pair of cards is also the geometric\nmean of the numbers on some collection of one or more cards.\nF or which ndoes it follow that the numbers on the cards are all equal?",
      "entities": [
        {
          "type": "variable",
          "value": "A"
        },
        {
          "type": "variable",
          "value": "n"
        },
        {
          "type": "variable",
          "value": "A"
        },
        {
          "type": "variable",
          "value": "F"
        }
      ],
      "constraints": []
    },
    {
      "number": 6,
      "text": "Prove that there exists a positive constant csuch that the following statement is true:\nConsider an integer n > 1, and a set Sofnpoints in the plane such that the distance between\nany two different points in Sis at least 1. It follows that there is a line ℓseparating Ssuch that the\ndistance from any point of Stoℓis at least cn−1/3.\n(A line ℓseparates a set of points Sif some segment joining two points in Scrosses ℓ.)\nNote. W eaker results with cn−1/3replaced by cn−αmay be awarded points depending on the value\nof the constant α > 1/3.\nLanguage: English Time: 4 hours and 30 minutes.\nEach problem is worth 7 points.English (eng), day 2",
      "entities": [
        {
          "type": "integer",
          "value": "1"
        },
        {
          "type": "integer",
          "value": "1"
        },
        {
          "type": "integer",
          "value": "1"
        },
        {
          "type": "integer",
          "value": "3"
        },
        {
          "type": "integer",
          "value": "1"
        },
        {
          "type": "integer",
          "value": "1"
        },
        {
          "type": "integer",
          "value": "3"
        },
        {
          "type": "integer",
          "value": "4"
        },
        {
          "type": "integer",
          "value": "30"
        },
        {
          "type": "integer",
          "value": "7"
        },
        {
          "type": "integer",
          "value": "2"
        },
        {
          "type": "variable",
          "value": "a"
        },
        {
          "type": "variable",
          "value": "n"
        },
        {
          "type": "variable",
          "value": "a"
        },
        {
          "type": "variable",
          "value": "a"
        },
        {
          "type": "variable",
          "value": "A"
        },
        {
          "type": "variable",
          "value": "a"
        },
        {
          "type": "variable",
          "value": "W"
        }
      ],
      "constraints": []
    }
  ]
}