{
  "metadata": {
    "title": "Unknown",
    "filename": "2021_eng.pdf",
    "total_pages": 2
  },
  "problems": [
    {
      "number": 1,
      "text": "Letn>100 be an integer. Ivan writes the numbers n, n+ 1, . . . ,2neach on different\ncards. He then shuffles these n+ 1 cards, and divides them into two piles. Prove that at least one of\nthe piles contains two cards such that the sum of their numbers is a perfect square.",
      "entities": [
        {
          "type": "integer",
          "value": "100"
        },
        {
          "type": "integer",
          "value": "1"
        },
        {
          "type": "integer",
          "value": "1"
        },
        {
          "type": "variable",
          "value": "n"
        },
        {
          "type": "variable",
          "value": "n"
        },
        {
          "type": "variable",
          "value": "n"
        },
        {
          "type": "variable",
          "value": "a"
        }
      ],
      "constraints": []
    },
    {
      "number": 2,
      "text": "Show that the inequality\nn∑\ni=1n∑\nj=1√\n|xi−xj|6n∑\ni=1n∑\nj=1√\n|xi+xj|\nholds for all real numbers x1, . . . , x n.",
      "entities": [
        {
          "type": "integer",
          "value": "1"
        },
        {
          "type": "integer",
          "value": "1"
        },
        {
          "type": "variable",
          "value": "n"
        },
        {
          "type": "variable",
          "value": "i"
        },
        {
          "type": "variable",
          "value": "j"
        },
        {
          "type": "variable",
          "value": "i"
        },
        {
          "type": "variable",
          "value": "j"
        },
        {
          "type": "variable",
          "value": "x"
        },
        {
          "type": "variable",
          "value": "n"
        }
      ],
      "constraints": [
        {
          "type": "universal_quantifier",
          "variables": "real numbers x1",
          "condition": ". . . , x n."
        }
      ]
    },
    {
      "number": 3,
      "text": "LetD be an interior point of the acute triangle ABC withAB > AC so that \\DAB =\n\\CAD . The point E on the segment AC satisfies \\ADE =\\BCD , the point F on the segment\nAB satisfies \\FDA =\\DBC , and the point X on the line AC satisfies CX=BX . Let O1andO2\nbe the circumcentres of the triangles ADC andEXD , respectively . Prove that the lines BC ,EF ,\nandO1O2are concurrent.\nLanguage: English Time: 4 hours and 30 minutes.\nEach problem is worth 7 points.English (eng), day 1\n\nT uesday, 20. July 2021",
      "entities": [
        {
          "type": "integer",
          "value": "4"
        },
        {
          "type": "integer",
          "value": "30"
        },
        {
          "type": "integer",
          "value": "7"
        },
        {
          "type": "integer",
          "value": "1"
        },
        {
          "type": "integer",
          "value": "20"
        },
        {
          "type": "integer",
          "value": "2021"
        },
        {
          "type": "variable",
          "value": "E"
        },
        {
          "type": "variable",
          "value": "F"
        },
        {
          "type": "variable",
          "value": "X"
        },
        {
          "type": "variable",
          "value": "T"
        },
        {
          "type": "triangle",
          "value": "ABC"
        }
      ],
      "constraints": []
    },
    {
      "number": 4,
      "text": "LetΓbe a circle with centre I, and ABCD a convex quadrilateral such that each of\nthe segments AB ,BC ,CD andDA is tangent to Γ. Let Ωbe the circumcircle of the triangle AIC .\nThe extension of BA beyond A meets Ω atX, and the extension of BC beyond C meets Ω atZ.\nThe extensions of AD andCD beyond D meet ΩatY andT, respectively . Prove that\nAD+DT+TX+XA=CD+DY+Y Z+ZC.",
      "entities": [
        {
          "type": "variable",
          "value": "a"
        },
        {
          "type": "variable",
          "value": "I"
        },
        {
          "type": "variable",
          "value": "a"
        },
        {
          "type": "variable",
          "value": "A"
        },
        {
          "type": "variable",
          "value": "C"
        },
        {
          "type": "variable",
          "value": "D"
        },
        {
          "type": "variable",
          "value": "Y"
        },
        {
          "type": "variable",
          "value": "Z"
        },
        {
          "type": "triangle",
          "value": "AIC"
        }
      ],
      "constraints": []
    },
    {
      "number": 5,
      "text": "T wo squirrels, Bushy and Jumpy , have collected 2021 walnuts for the winter. Jumpy\nnumbers the walnuts from 1through 2021 , and digs 2021 little holes in a circular pattern in the\nground around their favourite tree. The next morning Jumpy notices that Bushy had placed one\nwalnut into each hole, but had paid no attention to the numbering. Unhappy , Jumpy decides to\nreorder the walnuts by performing a sequence of 2021 moves. In the k-th move, Jumpy swaps the\npositions of the two walnuts adjacent to walnut k.\nProve that there exists a value of ksuch that, on the k-th move, Jumpy swaps some walnuts a\nandbsuch that a < k < b .",
      "entities": [
        {
          "type": "integer",
          "value": "2021"
        },
        {
          "type": "integer",
          "value": "2021"
        },
        {
          "type": "integer",
          "value": "2021"
        },
        {
          "type": "integer",
          "value": "2021"
        },
        {
          "type": "variable",
          "value": "T"
        },
        {
          "type": "variable",
          "value": "a"
        },
        {
          "type": "variable",
          "value": "a"
        },
        {
          "type": "variable",
          "value": "k"
        },
        {
          "type": "variable",
          "value": "k"
        },
        {
          "type": "variable",
          "value": "a"
        },
        {
          "type": "variable",
          "value": "k"
        },
        {
          "type": "variable",
          "value": "a"
        },
        {
          "type": "variable",
          "value": "a"
        },
        {
          "type": "variable",
          "value": "k"
        },
        {
          "type": "variable",
          "value": "b"
        },
        {
          "type": "sequence",
          "value": "o"
        }
      ],
      "constraints": []
    },
    {
      "number": 6,
      "text": "Letm>2be an integer, A be a finite set of (not necessarily positive) integers, and\nB1, B2, B3, . . . , B mbe subsets of A. Assume that for each k= 1,2, . . . , m the sum of the elements of\nBkismk. Prove that A contains at least m/2elements.\nLanguage: English Time: 4 hours and 30 minutes.\nEach problem is worth 7 points.English (eng), day 2",
      "entities": [
        {
          "type": "integer",
          "value": "1"
        },
        {
          "type": "integer",
          "value": "2"
        },
        {
          "type": "integer",
          "value": "4"
        },
        {
          "type": "integer",
          "value": "30"
        },
        {
          "type": "integer",
          "value": "7"
        },
        {
          "type": "integer",
          "value": "2"
        },
        {
          "type": "variable",
          "value": "A"
        },
        {
          "type": "variable",
          "value": "a"
        },
        {
          "type": "variable",
          "value": "B"
        },
        {
          "type": "variable",
          "value": "A"
        },
        {
          "type": "variable",
          "value": "k"
        },
        {
          "type": "variable",
          "value": "m"
        },
        {
          "type": "variable",
          "value": "A"
        },
        {
          "type": "variable",
          "value": "m"
        }
      ],
      "constraints": []
    }
  ]
}