{
  "metadata": {
    "title": "Unknown",
    "filename": "2022_eng.pdf",
    "total_pages": 2
  },
  "problems": [
    {
      "number": 1,
      "text": "The Bank of Oslo issues two types of coin: aluminium (denoted A) and bronze\n(denoted B). Marianne has naluminium coins and nbronze coins, arranged in a row in some\narbitrary initial order. A chain is any subsequence of consecutive coins of the same type. Given a\nfixed positive integer k62n, Marianne repeatedly performs the following operation: she identifies\nthe longest chain containing the kthcoin from the left, and moves all coins in that chain to the left end\nof the row. F or example, if n= 4 andk= 4 , the process starting from the ordering AABBBABA\nwould be\nAABB BABA →BBBA AABA →AAAB BBBA →BBBB AAAA →BBBB AAAA → · · · .\nFind all pairs (n, k)with 16k62nsuch that for every initial ordering, at some moment during\nthe process, the leftmost ncoins will all be of the same type.",
      "entities": [
        {
          "type": "integer",
          "value": "4"
        },
        {
          "type": "integer",
          "value": "4"
        },
        {
          "type": "variable",
          "value": "A"
        },
        {
          "type": "variable",
          "value": "B"
        },
        {
          "type": "variable",
          "value": "a"
        },
        {
          "type": "variable",
          "value": "A"
        },
        {
          "type": "variable",
          "value": "a"
        },
        {
          "type": "variable",
          "value": "F"
        },
        {
          "type": "variable",
          "value": "n"
        },
        {
          "type": "variable",
          "value": "n"
        },
        {
          "type": "variable",
          "value": "k"
        },
        {
          "type": "sequence",
          "value": "o"
        }
      ],
      "constraints": []
    },
    {
      "number": 2,
      "text": "LetR+denote the set of positive real numbers. Find all functions f:R+→R+such\nthat for each x∈R+, there is exactly one y∈R+satisfying\nxf(y) +yf(x)62.",
      "entities": [
        {
          "type": "integer",
          "value": "62"
        },
        {
          "type": "variable",
          "value": "f"
        },
        {
          "type": "variable",
          "value": "R"
        },
        {
          "type": "variable",
          "value": "R"
        },
        {
          "type": "variable",
          "value": "x"
        },
        {
          "type": "variable",
          "value": "R"
        },
        {
          "type": "variable",
          "value": "y"
        },
        {
          "type": "variable",
          "value": "R"
        },
        {
          "type": "variable",
          "value": "y"
        },
        {
          "type": "variable",
          "value": "x"
        }
      ],
      "constraints": []
    },
    {
      "number": 3,
      "text": "Letkbe a positive integer and let Sbe a finite set of odd prime numbers. Prove that\nthere is at most one way (up to rotation and reflection) to place the elements of Saround a circle\nsuch that the product of any two neighbours is of the form x2+x+kfor some positive integer x.\nLanguage: English Time: 4 hours and 30 minutes.\nEach problem is worth 7 points.English (eng), day 1\n\nT uesday, 12. July 2022",
      "entities": [
        {
          "type": "integer",
          "value": "4"
        },
        {
          "type": "integer",
          "value": "30"
        },
        {
          "type": "integer",
          "value": "7"
        },
        {
          "type": "integer",
          "value": "1"
        },
        {
          "type": "integer",
          "value": "12"
        },
        {
          "type": "integer",
          "value": "2022"
        },
        {
          "type": "variable",
          "value": "a"
        },
        {
          "type": "variable",
          "value": "a"
        },
        {
          "type": "variable",
          "value": "a"
        },
        {
          "type": "variable",
          "value": "x"
        },
        {
          "type": "variable",
          "value": "x"
        },
        {
          "type": "variable",
          "value": "T"
        }
      ],
      "constraints": []
    },
    {
      "number": 4,
      "text": "LetABCDE be a convex pentagon such that BC =DE . Assume that there is a\npoint T inside ABCDE with TB=TD ,TC=TE and∠ABT =∠TEA . Let line AB intersect\nlinesCD andCT at points PandQ, respectively . Assume that the points P,B,A,Q occur on their\nline in that order. Let line AE intersect lines CD andDT at points R andS, respectively . Assume\nthat the points R,E,A,Soccur on their line in that order. Prove that the points P,S,Q,R lie on\na circle.",
      "entities": [
        {
          "type": "variable",
          "value": "a"
        },
        {
          "type": "variable",
          "value": "a"
        },
        {
          "type": "variable",
          "value": "T"
        },
        {
          "type": "variable",
          "value": "P"
        },
        {
          "type": "variable",
          "value": "B"
        },
        {
          "type": "variable",
          "value": "A"
        },
        {
          "type": "variable",
          "value": "Q"
        },
        {
          "type": "variable",
          "value": "R"
        },
        {
          "type": "variable",
          "value": "R"
        },
        {
          "type": "variable",
          "value": "E"
        },
        {
          "type": "variable",
          "value": "A"
        },
        {
          "type": "variable",
          "value": "P"
        },
        {
          "type": "variable",
          "value": "S"
        },
        {
          "type": "variable",
          "value": "Q"
        },
        {
          "type": "variable",
          "value": "R"
        },
        {
          "type": "variable",
          "value": "a"
        }
      ],
      "constraints": []
    },
    {
      "number": 5,
      "text": "Find all triples (a, b, p )of positive integers with pprime and\nap=b! +p.",
      "entities": [
        {
          "type": "variable",
          "value": "a"
        },
        {
          "type": "variable",
          "value": "b"
        },
        {
          "type": "variable",
          "value": "p"
        },
        {
          "type": "variable",
          "value": "b"
        },
        {
          "type": "variable",
          "value": "p"
        }
      ],
      "constraints": []
    },
    {
      "number": 6,
      "text": "Letnbe a positive integer. A Nordic square is ann×nboard containing all the integers\nfrom 1ton2so that each cell contains exactly one number. T wo different cells are considered adjacent\nif they share a common side. Every cell that is adjacent only to cells containing larger numbers is\ncalled a valley . An uphill path is a sequence of one or more cells such that:\n(i) the first cell in the sequence is a valley ,\n(ii) each subsequent cell in the sequence is adjacent to the previous cell, and\n(iii) the numbers written in the cells in the sequence are in increasing order.\nFind, as a function of n, the smallest possible total number of uphill paths in a Nordic square.\nLanguage: English Time: 4 hours and 30 minutes.\nEach problem is worth 7 points.English (eng), day 2",
      "entities": [
        {
          "type": "integer",
          "value": "4"
        },
        {
          "type": "integer",
          "value": "30"
        },
        {
          "type": "integer",
          "value": "7"
        },
        {
          "type": "integer",
          "value": "2"
        },
        {
          "type": "variable",
          "value": "a"
        },
        {
          "type": "variable",
          "value": "A"
        },
        {
          "type": "variable",
          "value": "T"
        },
        {
          "type": "variable",
          "value": "a"
        },
        {
          "type": "variable",
          "value": "a"
        },
        {
          "type": "variable",
          "value": "a"
        },
        {
          "type": "variable",
          "value": "i"
        },
        {
          "type": "variable",
          "value": "a"
        },
        {
          "type": "variable",
          "value": "a"
        },
        {
          "type": "variable",
          "value": "n"
        },
        {
          "type": "variable",
          "value": "a"
        },
        {
          "type": "sequence",
          "value": "o"
        },
        {
          "type": "sequence",
          "value": "i"
        },
        {
          "type": "sequence",
          "value": "i"
        },
        {
          "type": "sequence",
          "value": "a"
        }
      ],
      "constraints": []
    }
  ]
}